学生id,助学金金额
0,0
1,0
8,0
9,0
10,0
11,0
19,0
20,0
21,0
22,1000
23,1500
28,1000
29,0
36,0
37,0
56,0
57,0
62,0
63,0
64,1500
65,0
66,0
67,0
70,0
71,0
74,0
75,0
76,0
77,0
82,0
83,0
88,0
89,0
92,1000
93,1000
98,0
99,1000
112,0
113,0
118,0
119,0
138,1000
139,0
142,0
143,0
152,0
153,0
154,0
155,0
158,0
159,0
160,1000
161,1000
162,0
163,0
172,0
173,0
178,0
179,0
184,0
185,0
186,1000
187,0
192,0
193,0
194,0
195,0
198,0
199,0
206,0
207,0
212,0
213,0
216,0
217,0
220,2000
221,2000
224,0
225,0
230,0
231,0
232,1000
233,0
236,0
237,0
238,1000
239,0
244,1000
245,1000
254,0
255,0
258,0
259,0
266,0
267,0
282,0
283,0
288,0
289,0
294,0
295,0
296,1500
297,2000
300,0
301,0
306,0
307,0
322,0
323,0
330,0
331,0
346,0
347,0
352,0
353,0
354,0
355,0
366,0
367,0
368,0
369,0
372,0
373,0
398,1000
399,1000
400,0
401,0
406,0
407,0
408,1500
409,2000
412,1000
413,1000
426,0
427,0
430,1000
431,1000
438,0
439,0
440,0
441,0
448,0
449,0
450,0
451,0
470,0
471,0
476,2000
477,1500
480,1500
481,0
496,0
497,0
504,0
505,0
508,0
509,0
510,1000
511,0
522,1500
523,1500
524,0
525,0
528,1000
529,1000
532,0
533,0
534,1000
535,1500
536,0
537,2000
552,0
553,0
564,1000
565,1000
566,0
567,0
572,0
573,0
576,1500
577,2000
580,0
581,0
584,0
585,0
596,0
597,0
602,0
603,0
606,0
607,0
612,0
613,0
616,0
617,1000
624,0
625,0
626,0
627,0
634,0
635,0
636,0
637,1500
648,0
649,0
650,2000
651,2000
658,0
659,0
662,0
663,0
674,0
675,0
680,0
681,0
690,0
691,0
694,1500
695,0
696,0
697,0
706,0
707,1000
708,0
709,0
712,1000
713,2000
714,0
715,0
718,1500
719,1000
732,0
733,1000
742,0
743,0
744,0
745,0
746,0
747,0
754,0
755,0
756,1500
757,1500
762,0
763,0
770,0
771,0
772,0
773,0
774,0
775,0
786,1500
787,2000
796,0
797,0
800,0
801,1500
802,1000
803,1500
816,0
817,0
820,1000
821,1500
822,0
823,0
824,0
825,0
826,0
827,0
840,0
841,0
844,0
845,0
878,0
879,0
882,0
883,0
886,0
887,0
890,0
891,0
894,2000
895,2000
896,0
897,0
898,0
899,1000
900,0
901,0
908,0
909,1000
916,0
917,0
928,0
929,0
932,1000
933,1500
936,0
937,0
940,1000
941,1000
946,0
947,0
948,0
949,2000
958,2000
959,2000
966,1000
967,0
970,0
971,0
988,1500
989,1000
990,1500
991,2000
996,0
997,0
998,0
999,0
1002,0
1003,0
1006,0
1007,0
1010,0
1011,0
1012,1000
1013,1500
1016,0
1017,0
1020,0
1021,0
1024,0
1025,0
1030,0
1031,0
1036,1000
1037,1000
1040,1500
1041,1500
1050,1000
1051,0
1054,0
1055,0
1070,0
1071,0
1082,0
1083,0
1084,0
1085,0
1098,0
1099,0
1102,0
1103,0
1108,0
1109,0
1110,0
1111,0
1118,0
1119,0
1124,1000
1125,1500
1132,1000
1133,1500
1136,0
1137,0
1138,1000
1139,1000
1142,0
1143,0
1154,0
1155,0
1170,0
1171,0
1172,0
1173,0
1174,0
1175,0
1182,0
1183,1000
1184,0
1185,0
1186,0
1187,0
1192,0
1193,0
1196,1500
1197,2000
1200,0
1201,0
1202,1000
1203,2000
1218,0
1219,0
1222,0
1223,0
1226,0
1227,0
1228,0
1229,0
1236,0
1237,0
1242,0
1243,0
1248,0
1249,0
1254,0
1255,0
1258,1000
1259,0
1260,2000
1261,1500
1264,0
1265,0
1266,0
1267,0
1278,0
1279,0
1286,0
1287,0
1294,1000
1295,1000
1296,2000
1297,2000
1300,0
1301,0
1302,0
1303,0
1308,0
1309,0
1312,1000
1313,1000
1328,0
1329,0
1330,0
1331,0
1332,0
1333,0
1334,0
1335,2000
1338,0
1339,0
1342,0
1343,0
1348,0
1349,0
1360,0
1361,0
1366,0
1367,0
1378,0
1379,0
1382,0
1383,2000
1384,0
1385,0
1386,2000
1387,2000
1394,0
1395,0
1406,0
1407,0
1408,0
1409,0
1410,1500
1411,1500
1416,1000
1417,1500
1426,0
1427,0
1430,0
1431,1000
1438,0
1439,1500
1454,0
1455,0
1470,0
1471,0
1474,0
1475,0
1498,1000
1499,0
1500,1000
1501,1000
1502,0
1503,0
1506,1000
1507,1000
1512,1000
1513,1000
1514,1500
1515,1500
1522,0
1523,0
1528,2000
1529,1000
1530,1000
1531,2000
1536,0
1537,0
1538,0
1539,0
1540,0
1541,0
1542,0
1543,0
1550,0
1551,0
1556,1000
1557,2000
1562,0
1563,0
1582,0
1583,2000
1584,1000
1585,1000
1590,0
1591,0
1594,0
1595,0
1598,0
1599,0
1602,0
1603,0
1604,0
1605,0
1610,0
1611,0
1612,0
1613,0
1614,1000
1615,0
1620,1000
1621,1000
1622,0
1623,0
1626,0
1627,0
1630,0
1631,0
1632,1000
1633,0
1642,0
1643,0
1648,0
1649,0
1650,0
1651,2000
1652,0
1653,0
1654,0
1655,0
1656,0
1657,0
1670,0
1671,0
1672,0
1673,0
1676,0
1677,0
1678,0
1679,0
1680,2000
1681,2000
1684,1500
1685,1500
1688,0
1689,0
1694,0
1695,0
1698,0
1699,0
1712,0
1713,0
1716,0
1717,1500
1722,0
1723,0
1730,0
1731,0
1746,0
1747,0
1750,1000
1751,1500
1752,0
1753,0
1770,1500
1771,1500
1782,0
1783,0
1794,0
1795,0
1802,0
1803,0
1806,1000
1807,1500
1812,0
1813,0
1832,0
1833,0
1834,2000
1835,2000
1840,0
1841,0
1842,0
1843,2000
1848,0
1849,0
1850,0
1851,0
1870,0
1871,0
1872,0
1873,0
1874,1500
1875,0
1884,0
1885,2000
1888,0
1889,1000
1902,1000
1903,0
1906,0
1907,0
1918,0
1919,0
1924,0
1925,1000
1932,0
1933,0
1950,0
1951,0
1956,0
1957,0
1968,1000
1969,1500
1970,0
1971,0
1980,0
1981,0
1982,0
1983,0
1984,2000
1985,2000
1986,0
1987,0
1990,1500
1991,2000
2002,0
2003,0
2014,0
2015,0
2024,0
2025,0
2026,1000
2027,0
2036,0
2037,1000
2038,2000
2039,2000
2044,1000
2045,2000
2060,1500
2061,1500
2062,1000
2063,1000
2064,0
2065,0
2066,0
2067,0
2068,1500
2069,0
2072,0
2073,1500
2078,0
2079,0
2088,0
2089,0
2090,0
2091,0
2092,1000
2093,1500
2100,0
2101,0
2102,1000
2103,0
2110,0
2111,0
2112,0
2113,0
2122,0
2123,0
2124,1000
2125,1000
2132,0
2133,0
2134,1000
2135,1000
2142,0
2143,0
2144,2000
2145,2000
2148,1500
2149,2000
2162,1000
2163,1000
2170,0
2171,0
2184,1500
2185,1000
2190,0
2191,0
2192,0
2193,0
2198,1500
2199,1000
2208,0
2209,0
2218,0
2219,0
2222,0
2223,0
2232,0
2233,0
2234,0
2235,0
2244,0
2245,1000
2250,0
2251,0
2252,0
2253,0
2256,1000
2257,0
2268,0
2269,0
2270,0
2271,0
2274,2000
2275,2000
2278,1500
2279,1500
2280,0
2281,0
2284,1500
2285,1500
2286,0
2287,0
2292,0
2293,0
2294,0
2295,0
2296,0
2297,0
2302,0
2303,0
2304,1000
2305,1000
2306,0
2307,0
2308,0
2309,0
2316,1000
2317,1500
2320,1000
2321,2000
2322,0
2323,0
2332,0
2333,0
2334,1000
2335,2000
2340,0
2341,0
2350,0
2351,0
2356,0
2357,0
2364,1000
2365,1500
2370,1000
2371,1000
2388,0
2389,0
2392,0
2393,0
2396,0
2397,0
2400,0
2401,0
2416,0
2417,0
2418,1500
2419,1500
2422,0
2423,0
2428,0
2429,0
2430,0
2431,0
2434,0
2435,0
2440,0
2441,0
2452,0
2453,0
2458,0
2459,1000
2468,0
2469,0
2472,2000
2473,2000
2474,0
2475,0
2476,2000
2477,2000
2480,0
2481,0
2484,1000
2485,1000
2504,1000
2505,1000
2518,1000
2519,0
2520,0
2521,1000
2522,0
2523,0
2524,0
2525,0
2530,0
2531,0
2538,0
2539,0
2542,1000
2543,1000
2552,0
2553,0
2558,0
2559,0
2578,0
2579,0
2586,0
2587,0
2594,0
2595,0
2604,0
2605,0
2614,0
2615,0
2616,0
2617,0
2630,1500
2631,1000
2638,0
2639,1500
2660,1000
2661,1500
2664,0
2665,0
2666,0
2667,0
2668,0
2669,0
2676,0
2677,0
2688,1500
2689,2000
2692,0
2693,0
2694,1500
2695,2000
2704,1000
2705,1500
2710,0
2711,1500
2718,0
2719,0
2728,0
2729,0
2734,1000
2735,0
2740,1000
2741,1000
2742,0
2743,0
2746,0
2747,0
2756,0
2757,0
2758,1000
2759,1000
2760,0
2761,0
2774,2000
2775,2000
2780,0
2781,0
2790,0
2791,0
2806,0
2807,0
2812,1000
2813,0
2814,0
2815,0
2816,0
2817,0
2824,0
2825,0
2828,0
2829,1000
2832,0
2833,0
2834,0
2835,0
2836,0
2837,0
2846,1500
2847,1000
2854,0
2855,0
2860,0
2861,0
2862,1500
2863,2000
2866,0
2867,0
2868,1000
2869,1000
2870,0
2871,0
2874,0
2875,0
2876,0
2877,0
2880,0
2881,0
2882,0
2883,0
2884,0
2885,0
2888,0
2889,0
2896,0
2897,0
2898,0
2899,0
2902,0
2903,0
2908,0
2909,0
2910,0
2911,0
2912,0
2913,0
2916,0
2917,0
2922,0
2923,0
2924,0
2925,1000
2928,0
2929,0
2932,0
2933,0
2934,1500
2935,0
2946,1500
2947,1500
2960,2000
2961,2000
2968,0
2969,0
2978,0
2979,0
2980,0
2981,0
2994,1000
2995,1000
2998,1000
2999,0
3002,0
3003,0
3004,2000
3005,1500
3010,0
3011,0
3016,1000
3017,1500
3020,0
3021,0
3024,0
3025,0
3026,0
3027,0
3028,1500
3029,1000
3032,0
3033,0
3038,0
3039,0
3040,1000
3041,1500
3042,0
3043,0
3046,1000
3047,0
3056,0
3057,0
3070,0
3071,0
3078,0
3079,0
3084,0
3085,0
3090,2000
3091,1500
3092,1000
3093,1000
3100,0
3101,0
3104,0
3105,0
3110,0
3111,0
3112,2000
3113,1000
3116,0
3117,0
3118,1000
3119,1000
3130,0
3131,0
3132,1000
3133,1500
3146,1000
3147,1500
3150,0
3151,0
3152,0
3153,0
3156,0
3157,0
3158,0
3159,0
3166,1500
3167,1500
3168,1000
3169,1000
3170,0
3171,0
3178,0
3179,0
3182,0
3183,1000
3186,0
3187,0
3190,1000
3191,0
3194,1000
3195,0
3200,0
3201,0
3204,0
3205,0
3210,0
3211,0
3212,0
3213,0
3214,0
3215,0
3216,1000
3217,2000
3218,0
3219,0
3222,0
3223,1000
3230,0
3231,0
3236,0
3237,0
3248,0
3249,0
3252,0
3253,0
3258,1500
3259,1000
3266,1000
3267,1500
3272,1500
3273,1500
3276,2000
3277,2000
3288,0
3289,0
3290,1000
3291,0
3294,0
3295,0
3296,0
3297,0
3308,0
3309,0
3310,0
3311,0
3324,0
3325,0
3330,0
3331,0
3332,0
3333,1500
3346,0
3347,0
3350,1000
3351,0
3374,0
3375,0
3386,1000
3387,1000
3392,0
3393,0
3396,2000
3397,2000
3400,1000
3401,1000
3408,1000
3409,1500
3410,0
3411,0
3416,0
3417,0
3424,0
3425,0
3440,0
3441,0
3442,1500
3443,2000
3444,0
3445,0
3446,0
3447,2000
3464,0
3465,0
3468,0
3469,0
3470,1000
3471,1000
3472,1500
3473,1500
3474,0
3475,0
3482,1000
3483,1000
3486,1000
3487,0
3492,0
3493,0
3496,0
3497,1500
3506,1000
3507,0
3512,0
3513,1500
3522,0
3523,0
3524,0
3525,0
3542,0
3543,0
3560,0
3561,0
3564,0
3565,0
3566,0
3567,0
3572,1500
3573,1500
3582,2000
3583,1500
3584,1000
3585,1000
3594,0
3595,0
3600,0
3601,0
3608,0
3609,0
3620,1000
3621,1500
3626,0
3627,0
3636,0
3637,1000
3638,0
3639,0
3646,1000
3647,1000
3648,1000
3649,1500
3650,0
3651,0
3660,0
3661,0
3664,0
3665,1000
3670,0
3671,0
3674,0
3675,0
3684,0
3685,0
3690,0
3691,0
3694,1000
3695,0
3698,0
3699,1500
3714,0
3715,0
3716,0
3717,0
3718,0
3719,0
3724,0
3725,0
3728,0
3729,0
3732,0
3733,0
3742,1000
3743,1000
3744,0
3745,0
3756,1000
3757,1000
3760,0
3761,0
3762,1000
3763,1500
3764,0
3765,0
3768,1500
3769,2000
3780,0
3781,0
3782,0
3783,0
3784,1000
3785,0
3790,0
3791,0
3796,1000
3797,1000
3800,2000
3801,1500
3802,0
3803,0
3804,0
3805,0
3812,0
3813,0
3828,0
3829,0
3830,0
3831,0
3834,0
3835,0
3838,1000
3839,1500
3840,0
3841,1500
3844,1000
3845,2000
3858,2000
3859,2000
3870,0
3871,0
3878,0
3879,1500
3898,0
3899,0
3904,0
3905,1000
3910,1500
3911,0
3912,0
3913,0
3916,0
3917,0
3920,0
3921,0
3930,2000
3931,2000
3944,0
3945,0
3948,0
3949,0
3950,1500
3951,2000
3960,0
3961,0
3972,1000
3973,1500
3978,1500
3979,1000
3982,0
3983,0
3984,0
3985,1000
3992,0
3993,0
4002,0
4003,0
4004,1000
4005,1000
4008,0
4009,0
4016,0
4017,0
4020,1000
4021,1500
4024,1500
4025,2000
4028,0
4029,0
4034,0
4035,0
4036,0
4037,0
4042,0
4043,0
4046,2000
4047,0
4050,0
4051,0
4066,0
4067,0
4078,0
4079,1000
4082,1000
4083,1000
4090,0
4091,0
4112,0
4113,0
4126,1000
4127,1500
4144,0
4145,0
4154,0
4155,0
4162,1500
4163,1000
4166,0
4167,0
4172,0
4173,1500
4178,2000
4179,2000
4192,0
4193,0
4196,0
4197,0
4210,1500
4211,0
4214,0
4215,0
4216,0
4217,0
4232,0
4233,1500
4236,1000
4237,1500
4256,0
4257,0
4262,0
4263,0
4266,0
4267,0
4286,0
4287,0
4290,0
4291,0
4292,0
4293,0
4294,1000
4295,0
4314,0
4315,2000
4326,0
4327,0
4332,0
4333,0
4348,2000
4349,2000
4362,0
4363,0
4366,0
4367,0
4370,1000
4371,0
4372,0
4373,0
4374,0
4375,0
4376,0
4377,0
4382,0
4383,0
4388,2000
4389,1500
4394,0
4395,0
4404,1500
4405,1000
4420,0
4421,0
4424,0
4425,0
4428,1000
4429,0
4432,0
4433,0
4436,0
4437,0
4442,0
4443,0
4448,2000
4449,1500
4456,0
4457,0
4458,2000
4459,1500
4462,0
4463,0
4478,1000
4479,1000
4482,1000
4483,1500
4494,0
4495,0
4498,1500
4499,1500
4500,0
4501,0
4502,0
4503,0
4504,0
4505,0
4506,0
4507,0
4510,0
4511,0
4514,1000
4515,1000
4516,0
4517,0
4524,0
4525,0
4530,0
4531,0
4532,1500
4533,1500
4536,0
4537,0
4538,0
4539,0
4540,0
4541,0
4542,0
4543,0
4546,1500
4547,1500
4556,0
4557,0
4558,0
4559,0
4560,0
4561,0
4566,0
4567,0
4568,0
4569,0
4570,0
4571,0
4572,0
4573,0
4586,0
4587,1500
4590,1000
4591,1000
4592,0
4593,0
4602,1000
4603,1500
4620,0
4621,0
4622,2000
4623,2000
4628,1500
4629,1500
4634,0
4635,1000
4644,2000
4645,2000
4646,0
4647,0
4648,0
4649,1000
4656,0
4657,0
4658,0
4659,0
4662,1500
4663,1000
4664,0
4665,0
4666,0
4667,0
4670,2000
4671,2000
4678,0
4679,0
4692,0
4693,0
4708,0
4709,0
4724,1500
4725,1500
4732,0
4733,0
4734,0
4735,0
4750,0
4751,0
4758,0
4759,0
4760,0
4761,2000
4764,0
4765,0
4770,0
4771,0
4774,1000
4775,1500
4784,0
4785,0
4792,0
4793,1000
4794,1500
4795,1000
4804,1000
4805,1000
4808,0
4809,0
4812,2000
4813,2000
4814,1500
4815,1500
4830,0
4831,0
4838,1000
4839,1000
4840,0
4841,0
4844,0
4845,0
4848,2000
4849,2000
4850,0
4851,0
4858,0
4859,0
4862,1500
4863,1000
4868,0
4869,0
4872,1500
4873,2000
4878,0
4879,0
4892,0
4893,0
4894,1000
4895,1000
4898,0
4899,0
4900,0
4901,0
4908,0
4909,0
4934,0
4935,0
4942,0
4943,0
4944,0
4945,1000
4954,0
4955,0
4972,1000
4973,1000
4976,0
4977,0
4978,2000
4979,2000
4988,1500
4989,1000
4998,1000
4999,0
5000,0
5001,0
5002,0
5003,0
5006,1000
5007,1000
5008,0
5009,0
5010,0
5011,0
5020,0
5021,0
5024,0
5025,0
5028,0
5029,0
5030,0
5031,0
5032,0
5033,0
5038,2000
5039,0
5040,0
5041,1000
5044,0
5045,1500
5048,0
5049,0
5064,0
5065,0
5076,1000
5077,2000
5080,0
5081,0
5082,0
5083,0
5096,0
5097,0
5100,0
5101,0
5104,0
5105,0
5108,0
5109,1500
5116,0
5117,0
5132,0
5133,0
5134,0
5135,0
5136,0
5137,0
5140,0
5141,0
5142,0
5143,0
5144,1000
5145,1000
5148,0
5149,0
5164,0
5165,0
5172,0
5173,0
5186,0
5187,0
5190,2000
5191,1500
5210,0
5211,0
5218,1000
5219,0
5220,1000
5221,1000
5222,0
5223,0
5226,0
5227,1000
5228,0
5229,0
5232,1500
5233,1000
5234,0
5235,0
5240,1000
5241,1000
5242,1000
5243,1000
5244,0
5245,0
5248,0
5249,0
5256,1500
5257,1500
5260,0
5261,0
5262,0
5263,0
5270,1000
5271,1000
5272,0
5273,0
5276,0
5277,0
5280,0
5281,0
5304,0
5305,0
5312,0
5313,1000
5318,2000
5319,2000
5320,0
5321,0
5330,0
5331,0
5332,0
5333,1500
5334,0
5335,0
5338,0
5339,0
5342,0
5343,0
5344,1000
5345,0
5354,0
5355,0
5356,0
5357,0
5358,0
5359,0
5374,0
5375,0
5376,1000
5377,0
5388,1500
5389,1500
5404,0
5405,0
5414,0
5415,0
5416,0
5417,0
5424,2000
5425,1000
5432,1000
5433,1500
5436,0
5437,0
5440,0
5441,0
5446,0
5447,0
5452,1000
5453,1000
5456,1000
5457,0
5468,0
5469,1500
5472,0
5473,0
5482,0
5483,0
5486,0
5487,0
5490,0
5491,0
5492,0
5493,0
5494,1000
5495,1000
5498,1000
5499,1000
5500,0
5501,0
5502,0
5503,0
5510,0
5511,0
5514,1500
5515,0
5518,0
5519,0
5550,0
5551,0
5552,1000
5553,1000
5570,0
5571,0
5576,0
5577,0
5582,0
5583,0
5584,1000
5585,1500
5588,0
5589,0
5590,1500
5591,1000
5598,1000
5599,1500
5600,0
5601,0
5604,0
5605,0
5608,0
5609,0
5616,0
5617,2000
5618,0
5619,0
5628,0
5629,0
5644,0
5645,0
5646,0
5647,0
5648,0
5649,0
5652,0
5653,0
5654,0
5655,0
5658,1000
5659,2000
5664,2000
5665,2000
5666,1000
5667,1500
5676,2000
5677,1000
5680,0
5681,0
5682,0
5683,0
5686,0
5687,0
5690,0
5691,0
5696,1000
5697,1000
5702,0
5703,0
5704,0
5705,0
5708,0
5709,0
5712,0
5713,0
5714,1500
5715,2000
5730,0
5731,0
5732,2000
5733,2000
5734,1000
5735,1000
5744,1000
5745,1500
5746,1500
5747,1500
5750,0
5751,0
5752,0
5753,0
5756,0
5757,0
5758,1000
5759,0
5760,0
5761,0
5762,1000
5763,0
5766,0
5767,0
5774,0
5775,0
5782,0
5783,0
5784,1000
5785,0
5786,0
5787,0
5790,0
5791,0
5796,1500
5797,0
5800,0
5801,0
5808,0
5809,0
5812,0
5813,0
5814,0
5815,0
5816,0
5817,0
5824,0
5825,0
5826,0
5827,0
5838,0
5839,0
5846,1000
5847,1000
5848,0
5849,1500
5858,0
5859,0
5862,0
5863,0
5864,1500
5865,1500
5870,0
5871,0
5874,0
5875,0
5878,0
5879,0
5882,1000
5883,0
5886,1000
5887,1000
5900,0
5901,0
5904,0
5905,0
5918,0
5919,0
5924,0
5925,0
5926,0
5927,1000
5932,0
5933,0
5936,0
5937,0
5940,1500
5941,1500
5942,0
5943,1000
5944,0
5945,0
5946,0
5947,0
5952,1500
5953,0
5964,0
5965,0
5966,0
5967,1000
5974,1000
5975,1000
5982,0
5983,0
5990,0
5991,0
5992,1000
5993,0
5996,0
5997,0
6004,1000
6005,2000
6006,1500
6007,1500
6010,0
6011,0
6020,0
6021,0
6022,0
6023,0
6028,0
6029,0
6032,0
6033,0
6040,0
6041,0
6044,1000
6045,1000
6046,0
6047,0
6054,0
6055,0
6064,0
6065,0
6066,1500
6067,1500
6072,0
6073,0
6078,0
6079,0
6098,0
6099,0
6102,2000
6103,2000
6104,0
6105,2000
6116,2000
6117,0
6120,0
6121,0
6124,0
6125,0
6128,0
6129,0
6134,0
6135,0
6148,1000
6149,1000
6150,0
6151,0
6156,1500
6157,1500
6160,0
6161,0
6172,0
6173,0
6180,0
6181,0
6184,1000
6185,1500
6190,0
6191,2000
6192,0
6193,0
6196,0
6197,0
6202,0
6203,0
6210,1000
6211,1500
6212,2000
6213,1500
6214,1500
6215,1500
6230,0
6231,0
6232,1000
6233,1000
6236,0
6237,0
6244,0
6245,0
6250,0
6251,0
6254,0
6255,0
6260,0
6261,0
6266,0
6267,0
6268,1500
6269,1500
6276,0
6277,0
6282,0
6283,0
6288,0
6289,0
6296,1000
6297,1500
6302,0
6303,1500
6306,0
6307,0
6316,1000
6317,1000
6320,0
6321,0
6332,0
6333,0
6342,0
6343,0
6344,0
6345,0
6352,0
6353,0
6356,0
6357,0
6366,0
6367,0
6368,1000
6369,1000
6372,0
6373,0
6374,0
6375,0
6382,0
6383,0
6386,0
6387,0
6390,0
6391,0
6394,0
6395,0
6396,0
6397,0
6406,1500
6407,2000
6410,0
6411,0
6412,1500
6413,1500
6426,0
6427,0
6428,1000
6429,1500
6430,0
6431,0
6440,0
6441,0
6442,0
6443,0
6450,0
6451,0
6454,0
6455,0
6458,0
6459,0
6462,0
6463,0
6466,2000
6467,1000
6472,0
6473,0
6474,0
6475,0
6480,0
6481,0
6486,0
6487,0
6488,2000
6489,2000
6492,0
6493,0
6496,0
6497,0
6510,0
6511,0
6512,1000
6513,1000
6518,1500
6519,1000
6520,0
6521,0
6524,0
6525,0
6526,0
6527,0
6546,0
6547,0
6554,1000
6555,0
6578,0
6579,0
6592,1000
6593,1000
6594,0
6595,0
6600,0
6601,1000
6620,0
6621,0
6624,1000
6625,1000
6636,0
6637,0
6648,0
6649,0
6650,2000
6651,2000
6654,0
6655,0
6660,0
6661,0
6662,1000
6663,0
6668,1000
6669,0
6672,2000
6673,1500
6678,1500
6679,1500
6680,0
6681,0
6694,1500
6695,2000
6696,0
6697,0
6714,0
6715,0
6718,0
6719,0
6720,2000
6721,2000
6722,1000
6723,1000
6728,2000
6729,2000
6748,0
6749,1500
6750,0
6751,0
6762,0
6763,0
6774,0
6775,0
6778,1000
6779,1500
6784,0
6785,0
6788,1000
6789,0
6790,0
6791,0
6792,0
6793,0
6798,1000
6799,2000
6802,0
6803,0
6804,0
6805,0
6808,0
6809,0
6816,0
6817,0
6820,2000
6821,0
6822,1500
6823,1500
6826,0
6827,0
6832,0
6833,0
6834,0
6835,0
6836,0
6837,1000
6840,0
6841,2000
6862,0
6863,0
6882,0
6883,0
6886,0
6887,0
6890,1500
6891,2000
6892,0
6893,0
6894,1500
6895,1500
6900,0
6901,0
6906,0
6907,1000
6916,0
6917,0
6920,1000
6921,1000
6922,0
6923,0
6928,0
6929,0
6930,0
6931,0
6942,0
6943,0
6944,1000
6945,1000
6956,1000
6957,2000
6966,0
6967,0
6970,0
6971,0
6974,0
6975,0
6978,0
6979,0
6980,0
6981,0
6984,0
6985,0
6990,1000
6991,2000
6994,0
6995,1000
6996,0
6997,0
7004,2000
7005,2000
7016,0
7017,0
7026,0
7027,0
7028,1000
7029,1000
7040,0
7041,0
7056,0
7057,0
7062,1000
7063,1000
7066,2000
7067,2000
7070,0
7071,0
7080,1500
7081,1500
7082,0
7083,0
7088,1000
7089,2000
7096,0
7097,0
7098,0
7099,1500
7100,0
7101,0
7106,0
7107,0
7108,0
7109,1000
7126,1500
7127,1500
7134,0
7135,0
7154,0
7155,0
7168,0
7169,0
7170,1500
7171,2000
7176,0
7177,0
7182,0
7183,0
7190,0
7191,0
7202,0
7203,0
7204,0
7205,0
7216,0
7217,0
7230,1500
7231,1500
7232,0
7233,0
7236,0
7237,0
7240,0
7241,0
7242,0
7243,0
7244,1000
7245,0
7250,1000
7251,0
7252,0
7253,0
7262,0
7263,0
7270,0
7271,0
7274,0
7275,0
7292,0
7293,0
7294,0
7295,0
7296,1000
7297,1000
7300,1000
7301,1500
7310,1500
7311,1500
7314,1500
7315,1500
7318,1500
7319,1500
7324,1000
7325,1000
7332,1000
7333,1500
7336,2000
7337,1500
7340,0
7341,0
7342,0
7343,0
7348,0
7349,0
7350,0
7351,0
7386,1000
7387,1000
7388,0
7389,0
7396,0
7397,0
7410,1500
7411,1000
7412,0
7413,0
7420,0
7421,0
7422,0
7423,0
7426,2000
7427,2000
7432,0
7433,0
7434,0
7435,0
7440,0
7441,0
7442,0
7443,0
7468,0
7469,0
7474,0
7475,0
7476,1000
7477,1500
7480,0
7481,0
7484,0
7485,0
7488,0
7489,0
7492,0
7493,0
7502,0
7503,0
7504,0
7505,0
7520,1000
7521,0
7528,0
7529,0
7534,2000
7535,2000
7536,1000
7537,1000
7540,1000
7541,0
7548,1500
7549,2000
7552,0
7553,0
7572,0
7573,0
7576,0
7577,0
7578,0
7579,0
7586,1500
7587,2000
7594,1000
7595,1000
7606,1000
7607,1000
7610,0
7611,0
7620,1000
7621,0
7632,0
7633,1000
7636,0
7637,0
7640,0
7641,0
7646,0
7647,0
7650,0
7651,0
7656,1000
7657,1500
7658,0
7659,0
7676,0
7677,1000
7680,0
7681,0
7686,1500
7687,2000
7706,0
7707,0
7712,0
7713,0
7714,0
7715,0
7724,1000
7725,1000
7728,0
7729,0
7730,2000
7731,2000
7732,1000
7733,0
7734,1000
7735,1000
7738,1500
7739,2000
7746,1000
7747,1000
7750,0
7751,0
7756,0
7757,0
7766,0
7767,0
7772,0
7773,0
7778,0
7779,0
7794,0
7795,0
7796,0
7797,0
7802,1500
7803,2000
7804,0
7805,1000
7808,1000
7809,1000
7812,0
7813,0
7822,1000
7823,0
7824,0
7825,1000
7828,1000
7829,1000
7830,0
7831,1000
7832,0
7833,0
7840,0
7841,1000
7846,1000
7847,0
7854,0
7855,1000
7856,0
7857,0
7864,0
7865,0
7872,0
7873,0
7880,0
7881,0
7888,2000
7889,2000
7896,0
7897,0
7898,1000
7899,1000
7908,0
7909,2000
7910,1000
7911,0
7912,0
7913,0
7914,0
7915,0
7920,1500
7921,0
7922,0
7923,0
7930,0
7931,0
7932,0
7933,0
7934,1000
7935,0
7938,0
7939,0
7942,0
7943,0
7946,0
7947,1000
7948,1000
7949,0
7954,1000
7955,0
7958,0
7959,0
7962,0
7963,1500
7964,0
7965,0
7968,2000
7969,2000
7972,0
7973,1500
7974,0
7975,0
7976,0
7977,0
7978,1000
7979,2000
7980,0
7981,0
7982,1000
7983,1000
7984,0
7985,0
7986,0
7987,0
7994,0
7995,0
7998,0
7999,0
8000,1000
8001,1500
8010,0
8011,0
8014,1000
8015,1000
8018,0
8019,0
8022,0
8023,0
8026,0
8027,0
8032,1500
8033,1500
8036,1000
8037,1000
8040,0
8041,0
8048,1000
8049,0
8060,0
8061,0
8062,0
8063,0
8066,0
8067,1500
8080,1500
8081,1000
8084,0
8085,0
8086,0
8087,2000
8090,0
8091,0
8098,1000
8099,0
8102,1500
8103,2000
8104,2000
8105,1000
8108,0
8109,0
8110,1000
8111,0
8118,1000
8119,1000
8120,0
8121,0
8124,0
8125,0
8128,1500
8129,2000
8130,0
8131,0
8136,0
8137,0
8156,0
8157,0
8158,0
8159,0
8180,0
8181,0
8184,1000
8185,1500
8214,0
8215,0
8232,0
8233,0
8238,1000
8239,1500
8242,2000
8243,2000
8250,0
8251,0
8262,0
8263,0
8268,2000
8269,2000
8270,0
8271,0
8274,0
8275,0
8284,0
8285,0
8288,0
8289,1500
8290,0
8291,0
8296,0
8297,0
8300,0
8301,0
8310,0
8311,0
8314,1000
8315,0
8330,0
8331,0
8332,0
8333,0
8344,1000
8345,0
8352,2000
8353,2000
8368,0
8369,0
8378,1000
8379,0
8384,0
8385,0
8392,1500
8393,0
8394,2000
8395,2000
8402,0
8403,0
8422,0
8423,0
8424,0
8425,0
8426,0
8427,0
8428,0
8429,0
8432,0
8433,0
8434,0
8435,0
8450,0
8451,0
8456,0
8457,0
8462,1500
8463,1500
8466,1500
8467,1500
8470,1000
8471,1000
8472,0
8473,0
8478,1000
8479,1000
8480,0
8481,0
8482,0
8483,0
8484,0
8485,0
8486,0
8487,0
8496,2000
8497,2000
8500,0
8501,0
8508,1000
8509,0
8510,0
8511,0
8514,0
8515,1000
8520,0
8521,1000
8524,1500
8525,1500
8536,0
8537,0
8538,0
8539,0
8542,0
8543,1500
8548,0
8549,0
8550,1500
8551,1000
8554,0
8555,0
8558,1000
8559,1000
8560,0
8561,0
8564,0
8565,1500
8570,0
8571,0
8572,0
8573,0
8574,0
8575,0
8594,1000
8595,0
8600,0
8601,0
8604,0
8605,0
8614,1000
8615,0
8620,1500
8621,1000
8622,0
8623,1500
8626,1000
8627,0
8630,0
8631,0
8638,0
8639,0
8642,0
8643,0
8644,1000
8645,2000
8648,0
8649,0
8652,0
8653,1000
8660,0
8661,0
8682,0
8683,0
8686,0
8687,0
8692,0
8693,0
8696,2000
8697,2000
8698,0
8699,0
8706,0
8707,0
8712,1000
8713,1000
8714,0
8715,0
8716,1000
8717,0
8722,0
8723,0
8726,1500
8727,1500
8728,0
8729,0
8730,1500
8731,1000
8736,1500
8737,2000
8738,0
8739,0
8744,1000
8745,1000
8770,0
8771,1500
8772,0
8773,0
8774,0
8775,0
8778,0
8779,0
8782,0
8783,0
8790,0
8791,0
8798,0
8799,0
8804,1000
8805,1500
8806,2000
8807,1000
8810,1000
8811,1000
8812,0
8813,0
8830,1000
8831,1000
8838,0
8839,1000
8840,0
8841,0
8842,0
8843,0
8844,0
8845,0
8850,0
8851,0
8856,0
8857,0
8862,1500
8863,1500
8876,0
8877,0
8878,0
8879,0
8884,0
8885,0
8892,2000
8893,1000
8894,1000
8895,1000
8900,0
8901,0
8902,1000
8903,1000
8904,1000
8905,1000
8914,0
8915,0
8924,0
8925,0
8932,0
8933,0
8936,0
8937,0
8938,1000
8939,1500
8944,0
8945,0
8950,0
8951,0
8954,0
8955,0
8956,0
8957,0
8968,2000
8969,0
8970,0
8971,0
8978,0
8979,0
8984,0
8985,1000
9006,0
9007,0
9008,0
9009,0
9014,1000
9015,1000
9020,0
9021,0
9022,2000
9023,0
9030,0
9031,0
9036,0
9037,0
9040,1500
9041,1000
9052,0
9053,0
9060,0
9061,0
9066,0
9067,0
9076,0
9077,0
9078,0
9079,0
9084,0
9085,0
9088,0
9089,1000
9090,0
9091,0
9106,0
9107,0
9110,0
9111,0
9130,0
9131,0
9132,1500
9133,1500
9138,0
9139,0
9144,0
9145,0
9148,1000
9149,1000
9152,1000
9153,1500
9160,0
9161,0
9162,0
9163,0
9164,0
9165,0
9166,1000
9167,1500
9168,0
9169,0
9172,0
9173,0
9180,0
9181,0
9182,0
9183,0
9190,0
9191,1000
9204,0
9205,0
9216,0
9217,0
9218,0
9219,0
9222,0
9223,0
9226,1000
9227,1000
9228,0
9229,0
9232,0
9233,0
9236,2000
9237,2000
9242,0
9243,0
9244,2000
9245,1500
9256,0
9257,0
9258,1500
9259,1000
9270,0
9271,0
9272,1500
9273,1000
9276,0
9277,0
9282,0
9283,0
9288,0
9289,0
9300,0
9301,0
9302,1500
9303,1500
9308,0
9309,0
9310,0
9311,0
9334,1500
9335,0
9342,0
9343,0
9344,0
9345,0
9346,0
9347,0
9360,0
9361,0
9364,0
9365,0
9366,0
9367,1000
9372,0
9373,0
9374,0
9375,0
9380,1500
9381,1500
9390,0
9391,0
9400,0
9401,0
9408,1000
9409,1000
9412,0
9413,0
9414,1500
9415,0
9416,0
9417,0
9430,0
9431,0
9434,0
9435,0
9442,0
9443,0
9446,1500
9447,1000
9452,0
9453,0
9454,0
9455,0
9456,0
9457,0
9458,0
9459,0
9460,0
9461,0
9462,0
9463,0
9470,2000
9471,1500
9478,0
9479,0
9480,0
9481,0
9488,0
9489,0
9494,0
9495,0
9504,0
9505,0
9512,0
9513,1000
9516,2000
9517,2000
9518,0
9519,0
9522,1000
9523,1000
9536,0
9537,0
9540,0
9541,0
9548,0
9549,0
9554,0
9555,0
9558,0
9559,0
9560,1500
9561,1500
9562,2000
9563,1000
9566,0
9567,0
9568,0
9569,0
9572,0
9573,1000
9582,2000
9583,2000
9596,0
9597,0
9600,0
9601,0
9606,0
9607,0
9608,0
9609,0
9610,0
9611,0
9612,0
9613,0
9614,2000
9615,1000
9618,0
9619,0
9620,0
9621,0
9630,0
9631,1500
9632,0
9633,0
9640,1000
9641,1000
9648,1500
9649,1000
9650,0
9651,0
9652,1000
9653,1000
9654,1500
9655,1500
9656,0
9657,0
9658,0
9659,0
9660,0
9661,0
9670,0
9671,0
9676,1500
9677,2000
9678,0
9679,0
9688,0
9689,0
9702,2000
9703,0
9706,1000
9707,1000
9708,1000
9709,1000
9716,0
9717,0
9718,0
9719,0
9722,0
9723,1000
9728,1000
9729,1500
9732,0
9733,0
9734,0
9735,0
9740,1000
9741,1500
9744,0
9745,0
9748,2000
9749,1000
9752,0
9753,0
9754,0
9755,0
9756,0
9757,0
9760,2000
9761,1500
9764,0
9765,0
9768,0
9769,0
9772,2000
9773,2000
9782,1500
9783,1500
9788,0
9789,0
9796,0
9797,0
9802,0
9803,0
9810,0
9811,0
9816,0
9817,0
9818,1000
9819,1000
9824,0
9825,0
9834,1000
9835,1000
9842,0
9843,0
9852,0
9853,0
9856,1000
9857,0
9858,1500
9859,2000
9860,0
9861,0
9864,1000
9865,1000
9868,0
9869,0
9897,0
9920,0
9921,0
9930,1000
9931,1000
9948,0
9949,0
9956,1000
9957,1000
9960,0
9961,0
9962,1500
9963,0
9964,0
9965,0
9970,0
9971,0
9972,0
9973,0
9974,0
9975,0
9980,1000
9981,1500
9996,0
9997,0
10006,0
10007,0
10014,0
10015,0
10016,0
10017,2000
10024,1500
10025,1000
10026,0
10027,0
10034,0
10035,0
10046,0
10047,1000
10054,0
10055,0
10056,0
10057,0
10058,0
10059,0
10062,1000
10063,0
10064,2000
10065,1500
10066,1000
10067,1000
10068,0
10069,0
10090,0
10091,0
10094,0
10095,0
10102,0
10103,0
10126,0
10127,0
10134,0
10135,0
10142,1000
10143,1500
10144,0
10145,0
10160,0
10161,0
10166,0
10167,0
10172,0
10173,0
10182,0
10183,0
10184,0
10185,0
10200,1500
10201,0
10204,0
10205,0
10214,0
10215,0
10222,0
10223,0
10224,0
10225,0
10232,0
10233,0
10234,0
10235,0
10250,0
10251,0
10254,0
10255,0
10258,0
10259,0
10266,0
10267,0
10282,0
10283,0
10286,1000
10287,1000
10292,0
10293,0
10300,1500
10301,1500
10302,1000
10303,1000
10306,0
10307,0
10308,0
10309,0
10310,0
10311,0
10316,0
10317,0
10318,0
10319,0
10322,0
10323,0
10324,0
10325,0
10328,0
10329,0
10330,0
10331,0
10338,0
10339,0
10354,0
10355,0
10356,0
10357,0
10368,0
10369,0
10372,0
10373,0
10374,0
10375,0
10382,0
10383,0
10396,0
10397,0
10398,1000
10399,1000
10412,0
10413,0
10418,0
10419,0
10420,0
10421,0
10422,0
10423,0
10440,0
10441,0
10444,0
10445,0
10450,1000
10451,1000
10452,0
10453,0
10454,0
10455,0
10456,1000
10457,1000
10462,0
10463,0
10466,1500
10467,2000
10468,1000
10469,1500
10476,0
10477,0
10488,0
10489,0
10490,0
10491,0
10492,1000
10493,1000
10496,0
10497,1500
10504,0
10505,0
10514,0
10515,0
10522,2000
10523,2000
10524,0
10525,0
10538,0
10539,0
10548,0
10549,0
10558,0
10559,0
10564,0
10565,0
10574,1000
10575,0
10586,2000
10587,2000
10610,0
10611,1500
10616,0
10617,0
10618,0
10619,0
10620,2000
10621,1500
10624,0
10625,0
10626,0
10627,0
10630,0
10631,0
10636,0
10637,0
10638,0
10639,0
10640,0
10641,0
10642,0
10643,0
10648,0
10649,0
10650,1000
10651,1000
10660,0
10661,0
10670,0
10671,0
10680,1000
10681,1500
10682,0
10683,0
10684,0
10685,0
10688,0
10689,0
10690,0
10691,0
10694,0
10695,0
10700,1000
10701,1000
10708,1000
10709,1000
10716,0
10717,0
10718,2000
10719,2000
10720,0
10721,0
10740,2000
10741,1000
10744,0
10745,0
10750,0
10751,0
10758,0
10759,0
10764,0
10765,0
10768,0
10769,0
10770,0
10771,0
10774,1000
10775,1500
10778,0
10779,1000
10782,0
10783,0
10786,1000
10787,1000
10804,0
10805,0
10806,0
10807,0
10822,0
10823,0
10826,0
10827,0
10828,1500
10829,1500
10830,0
10831,0
10834,0
10835,1000
10860,0
10861,0
10866,0
10867,1000
10868,2000
10869,2000
10874,1000
10875,1000
10882,0
10883,0
10896,0
10897,0
10904,0
10905,0
10906,0
10907,0
10914,0
10915,0
10924,0
10925,0
10940,0
10941,0
10950,0
10951,0
10952,1000
10953,1000
10964,0
10965,2000
10966,0
10967,0
10968,0
10969,0
10972,0
10973,0
10976,0
10977,0
10982,0
10983,0
10984,0
10985,0
10990,0
10991,0
10992,0
10993,0
10998,0
10999,0
11000,0
11001,0
11004,0
11005,0
11006,0
11007,0
11026,0
11027,0
11028,0
11029,0
11034,0
11035,0
11040,0
11041,0
11042,0
11043,0
11046,0
11047,0
11050,0
11051,0
11056,0
11057,0
11060,0
11061,0
11068,2000
11069,2000
11078,0
11079,0
11080,2000
11081,2000
11082,0
11083,0
11088,1000
11089,1000
11096,2000
11097,2000
11098,0
11099,0
11108,0
11109,1000
11110,1500
11111,1500
11112,0
11113,0
11128,1500
11129,2000
11132,1000
11133,1000
11140,0
11141,0
11142,1000
11143,1500
11144,0
11145,0
11146,0
11147,0
11148,0
11149,0
11150,0
11151,0
11152,0
11153,0
11154,0
11155,0
11158,1500
11159,1500
11160,1000
11161,1000
11168,0
11169,0
11170,1000
11171,1500
11174,0
11175,0
11178,1500
11179,2000
11180,0
11181,0
11182,2000
11183,2000
11184,1500
11185,1500
11192,0
11193,0
11198,0
11199,0
11214,0
11215,0
11216,0
11217,0
11244,0
11245,0
11258,0
11259,0
11264,0
11265,0
11282,0
11283,0
11288,0
11289,0
11294,0
11295,0
11300,0
11301,0
11304,0
11305,0
11306,0
11307,0
11310,0
11311,1500
11312,0
11313,0
11318,0
11319,0
11322,0
11323,0
11326,0
11327,1500
11332,0
11333,0
11336,0
11337,0
11338,0
11339,0
11342,0
11343,0
11346,0
11347,0
11354,0
11355,0
11376,0
11377,0
11378,0
11379,0
11380,0
11381,0
11398,0
11399,0
11406,0
11407,0
11408,0
11409,1500
11410,0
11411,0
11424,0
11425,0
11426,0
11427,0
11444,0
11445,0
11456,0
11457,0
11462,0
11463,1500
11474,0
11475,0
11476,0
11477,0
11478,0
11479,0
11496,0
11497,0
11498,0
11499,0
11500,0
11501,0
11518,0
11519,1500
11530,0
11531,1000
11532,0
11533,1000
11540,0
11541,1500
11546,0
11547,0
11550,0
11551,0
11566,0
11567,0
11568,0
11569,0
11580,0
11581,0
11584,0
11585,0
11596,0
11597,1000
11600,0
11601,0
11606,0
11607,1000
11612,0
11613,1000
11628,0
11629,0
11634,0
11635,2000
11636,0
11637,0
11638,0
11639,0
11640,0
11641,0
11644,0
11645,0
11648,0
11649,0
11660,0
11661,0
11678,0
11679,0
11682,0
11683,2000
11684,0
11685,0
11686,0
11687,0
11690,0
11691,0
11694,0
11695,0
11698,0
11699,0
11708,0
11709,0
11718,0
11719,2000
11722,0
11723,0
11724,0
11725,1000
11728,0
11729,1000
11752,0
11753,0
11760,0
11761,0
11762,0
11763,1000
11770,0
11771,0
11778,0
11779,2000
11780,0
11781,0
11784,0
11785,0
11788,0
11789,1000
11794,0
11795,0
11802,0
11803,0
11816,0
11817,0
11822,0
11823,1000
11824,0
11825,1500
11836,0
11837,0
11848,0
11849,1000
11852,0
11853,0
11858,0
11859,1000
11866,0
11867,0
11872,0
11873,1500
11874,0
11875,0
11878,0
11879,1500
11880,0
11881,0
11888,0
11889,1000
11890,0
11891,0
11898,0
11899,0
11900,0
11901,1500
11912,0
11913,0
11918,0
11919,0
11932,0
11933,0
11954,0
11955,1500
11956,0
11957,1000
11962,0
11963,0
11964,0
11965,0
11972,0
11973,0
11974,0
11975,0
11978,0
11979,0
11980,0
11981,0
11982,0
11983,1000
11994,0
11995,0
12010,0
12011,0
12020,0
12021,0
12030,0
12031,1500
12034,0
12035,0
12046,0
12047,1500
12048,0
12049,2000
12050,0
12051,1000
12064,0
12065,0
12068,0
12069,0
12072,0
12073,1000
12094,0
12095,0
12096,0
12097,1000
12098,0
12099,2000
12100,0
12101,0
12106,0
12107,1500
12108,0
12109,0
12118,0
12119,1000
12126,0
12127,0
12142,0
12143,0
12148,0
12149,0
12150,0
12151,0
12160,0
12161,1000
12162,0
12163,0
12170,0
12171,0
12174,0
12175,0
12184,0
12185,2000
12186,0
12187,0
12188,0
12189,0
12198,0
12199,0
12202,0
12203,0
12206,0
12207,0
12212,0
12213,0
12218,0
12219,0
12228,0
12229,0
12230,0
12231,1500
12248,0
12249,1000
12254,0
12255,0
12260,0
12261,0
12264,0
12265,0
12280,0
12281,0
12282,0
12283,1500
12284,0
12285,0
12286,0
12287,1000
12288,0
12289,0
12290,0
12291,0
12296,0
12297,0
12300,0
12301,0
12312,0
12313,1000
12318,0
12319,0
12338,0
12339,0
12350,0
12351,1000
12352,0
12353,0
12356,0
12357,0
12358,0
12359,0
12362,0
12363,0
12364,0
12365,0
12386,0
12387,0
12400,0
12401,0
12404,0
12405,0
12406,0
12407,0
12410,0
12411,0
12412,0
12413,0
12420,0
12421,0
12426,0
12427,0
12432,0
12433,0
12446,0
12447,0
12448,0
12449,0
12450,0
12451,0
12452,0
12453,0
12458,0
12459,2000
12464,0
12465,0
12466,0
12467,1000
12470,0
12471,0
12472,0
12473,0
12476,0
12477,0
12480,0
12481,0
12482,0
12483,2000
12484,0
12485,0
12488,0
12489,0
12490,0
12491,0
12496,0
12497,0
12504,0
12505,0
12514,0
12515,1500
12526,0
12527,0
12532,0
12533,0
12542,0
12543,0
12544,0
12545,2000
12554,0
12555,0
12556,0
12557,0
12560,0
12561,0
12564,0
12565,0
12566,0
12567,0
12572,0
12573,0
12576,0
12577,1500
12578,0
12579,1500
12582,0
12583,0
12584,0
12585,1000
12586,0
12587,0
12594,0
12595,2000
12596,0
12597,0
12602,0
12603,0
12604,0
12605,0
12624,0
12625,0
12632,0
12633,0
12642,0
12643,0
12644,0
12645,0
12646,0
12647,0
12654,0
12655,0
12656,0
12657,0
12666,0
12667,0
12668,0
12669,0
12676,0
12677,0
12690,0
12691,0
12696,0
12697,0
12702,0
12703,0
12708,0
12709,0
12710,0
12711,0
12712,0
12713,0
12720,0
12721,2000
12724,0
12725,2000
12726,0
12727,0
12742,0
12743,0
12744,0
12745,0
12754,0
12755,0
12756,0
12757,0
12758,0
12759,1500
12764,0
12765,0
12776,0
12777,0
12780,0
12781,0
12794,0
12795,0
12800,0
12801,1500
12804,0
12805,0
12808,0
12809,0
12812,0
12813,0
12814,0
12815,0
12818,0
12819,0
12820,0
12821,1000
12822,0
12823,0
12824,0
12825,0
12840,0
12841,0
12844,0
12845,0
12846,0
12847,0
12850,0
12851,0
12860,0
12861,0
12870,0
12871,1500
12872,0
12873,0
12876,0
12877,2000
12884,0
12885,0
12890,0
12891,0
12892,0
12893,0
12894,0
12895,0
12898,0
12899,1500
12902,0
12903,0
12906,0
12907,0
12908,0
12909,0
12916,0
12917,0
12926,0
12927,1500
12928,0
12929,0
12938,0
12939,0
12940,0
12941,0
12952,0
12953,1500
12954,0
12955,0
12956,0
12957,0
12962,0
12963,1000
12966,0
12967,1000
12968,0
12969,0
12974,0
12975,0
12978,0
12979,0
12992,0
12993,1000
12996,0
12997,2000
13012,0
13013,0
13020,0
13021,0
13028,0
13029,1500
13034,0
13035,0
13038,0
13039,0
13046,0
13047,1500
13048,0
13049,0
13052,0
13053,0
13054,0
13055,0
13058,0
13059,0
13060,0
13061,1000
13068,0
13069,0
13074,0
13075,0
13078,0
13079,1500
13090,0
13091,2000
13094,0
13095,0
13098,0
13099,0
13104,0
13105,1500
13108,0
13109,1000
13116,0
13117,0
13120,0
13121,1000
13124,0
13125,0
13126,0
13127,0
13128,0
13129,0
13130,0
13131,0
13136,0
13137,0
13146,0
13147,0
13148,0
13149,0
13150,0
13151,0
13158,0
13159,1500
13172,0
13173,0
13180,0
13181,0
13188,0
13189,0
13196,0
13197,2000
13198,0
13199,0
13202,0
13203,0
13212,0
13213,1500
13214,0
13215,0
13216,0
13217,0
13220,0
13221,0
13232,0
13233,0
13236,0
13237,0
13240,0
13241,0
13242,0
13243,0
13244,0
13245,0
13246,0
13247,0
13252,0
13253,1500
13258,0
13259,0
13262,0
13263,0
13270,0
13271,0
13272,0
13273,0
13274,0
13275,0
13276,0
13277,0
13288,0
13289,0
13292,0
13293,0
13300,0
13301,0
13302,0
13303,2000
13304,0
13305,0
13308,0
13309,0
13314,0
13315,1500
13316,0
13317,1500
13320,0
13321,2000
13324,0
13325,0
13326,0
13327,0
13330,0
13331,0
13332,0
13333,0
13342,0
13343,0
13348,0
13349,0
13352,0
13353,0
13358,0
13359,0
13372,0
13373,1500
13376,0
13377,0
13384,0
13385,0
13396,0
13397,1500
13398,0
13399,0
13400,0
13401,0
13404,0
13405,0
13410,0
13411,1000
13414,0
13415,0
13416,0
13417,0
13422,0
13423,0
13424,0
13425,1500
13432,0
13433,0
13434,0
13435,0
13442,0
13443,0
13444,0
13445,2000
13450,0
13451,0
13456,0
13457,2000
13466,0
13467,0
13468,0
13469,0
13472,0
13473,0
13476,0
13477,0
13482,0
13483,0
13486,0
13487,0
13492,0
13493,2000
13494,0
13495,1500
13500,0
13501,0
13504,0
13505,0
13508,0
13509,0
13510,0
13511,0
13518,0
13519,0
13524,0
13525,0
13526,0
13527,0
13534,0
13535,0
13550,0
13551,0
13554,0
13555,1500
13562,0
13563,1000
13570,0
13571,0
13576,0
13577,2000
13596,0
13597,0
13598,0
13599,1000
13602,0
13603,1500
13614,0
13615,1500
13630,0
13631,0
13634,0
13635,0
13636,0
13637,0
13638,0
13639,0
13646,0
13647,0
13650,0
13651,1000
13652,0
13653,1000
13664,0
13665,1000
13668,0
13669,0
13672,0
13673,1500
13678,0
13679,0
13690,0
13691,0
13698,0
13699,0
13700,0
13701,0
13710,0
13711,2000
13714,0
13715,1000
13718,0
13719,0
13720,0
13721,0
13728,0
13729,2000
13736,0
13737,0
13738,0
13739,1500
13740,0
13741,0
13744,0
13745,0
13752,0
13753,0
13754,0
13755,0
13756,0
13757,0
13762,0
13763,0
13764,0
13765,0
13782,0
13783,0
13792,0
13793,0
13798,0
13799,1000
13804,0
13805,2000
13814,0
13815,0
13816,0
13817,0
13820,0
13821,0
13830,0
13831,0
13832,0
13833,0
13838,0
13839,0
13840,0
13841,0
13850,0
13851,0
13852,0
13853,0
13856,0
13857,0
13858,0
13859,0
13860,0
13861,0
13876,0
13877,0
13880,0
13881,1500
13882,0
13883,0
13884,0
13885,0
13886,0
13887,0
13888,0
13889,0
13904,0
13905,1000
13916,0
13917,0
13930,0
13931,0
13932,0
13933,2000
13938,0
13939,1000
13946,0
13947,0
13954,0
13955,0
13958,0
13959,0
13964,0
13965,0
13978,0
13979,0
13980,0
13981,0
13988,0
13989,0
14000,0
14001,0
14020,0
14021,0
14022,0
14023,2000
14026,0
14027,0
14028,0
14029,0
14030,0
14031,1000
14032,0
14033,1500
14052,0
14053,0
14056,0
14057,1500
14058,0
14059,0
14066,0
14067,1000
14068,0
14069,0
14098,0
14099,0
14106,0
14107,2000
14114,0
14115,0
14116,0
14117,1500
14118,0
14119,0
14132,0
14133,0
14140,0
14141,0
14142,0
14143,0
14144,0
14145,2000
14148,0
14149,0
14162,0
14163,0
14168,0
14169,1500
14172,0
14173,0
14174,0
14175,0
14176,0
14177,2000
14180,0
14181,2000
14182,0
14183,0
14184,0
14185,0
14194,0
14195,0
14202,0
14203,0
14204,0
14205,0
14206,0
14207,0
14208,0
14209,0
14212,0
14213,1500
14218,0
14219,0
14236,0
14237,0
14238,0
14239,1500
14252,0
14253,0
14276,0
14277,0
14290,0
14291,0
14292,0
14293,0
14296,0
14297,1000
14298,0
14299,0
14300,0
14301,0
14304,0
14305,0
14310,0
14311,1000
14314,0
14315,0
14318,0
14319,0
14320,0
14321,1500
14324,0
14325,0
14340,0
14341,1000
14346,0
14347,0
14350,0
14351,1000
14360,0
14361,0
14362,0
14363,0
14372,0
14373,2000
14376,0
14377,0
14382,0
14383,0
14384,0
14385,0
14386,0
14387,0
14398,0
14399,0
14400,0
14401,0
14414,0
14415,0
14420,0
14421,0
14422,0
14423,0
14428,0
14429,2000
14446,0
14447,0
14448,0
14449,0
14452,0
14453,0
14454,0
14455,1000
14460,0
14461,0
14466,0
14467,0
14470,0
14471,0
14486,0
14487,0
14492,0
14493,1000
14494,0
14495,0
14496,0
14497,0
14498,0
14499,0
14500,0
14501,1500
14502,0
14503,1000
14506,0
14507,1000
14508,0
14509,0
14510,0
14511,2000
14512,0
14513,0
14516,0
14517,0
14522,0
14523,2000
14528,0
14529,0
14532,0
14533,0
14534,0
14535,0
14536,0
14537,1000
14538,0
14539,0
14552,0
14553,1000
14554,0
14555,0
14556,0
14557,1500
14558,0
14559,0
14560,0
14561,0
14564,0
14565,0
14566,0
14567,2000
14572,0
14573,1000
14582,0
14583,1000
14584,0
14585,0
14588,0
14589,1000
14602,0
14603,0
14606,0
14607,1500
14612,0
14613,0
14618,0
14619,0
14620,0
14621,1500
14630,0
14631,0
14632,0
14633,0
14642,0
14643,0
14650,0
14651,0
14652,0
14653,0
14658,0
14659,0
14662,0
14663,0
14664,0
14665,0
14670,0
14671,0
14684,0
14685,0
14694,0
14695,0
14696,0
14697,0
14704,0
14705,0
14710,0
14711,0
14712,0
14713,0
14716,0
14717,0
14724,0
14725,0
14726,0
14727,0
14728,0
14729,0
14744,0
14745,0
14756,0
14757,0
14758,0
14759,0
14760,0
14761,0
14762,0
14763,0
14766,0
14767,0
14772,0
14773,1000
14778,0
14779,0
14780,0
14781,0
14782,0
14783,0
14794,0
14795,0
14798,0
14799,0
14802,0
14803,2000
14810,0
14811,0
14814,0
14815,0
14816,0
14817,0
14824,0
14825,0
14826,0
14827,0
14828,0
14829,0
14830,0
14831,0
14832,0
14833,1000
14834,0
14835,1500
14836,0
14837,0
14842,0
14843,0
14854,0
14855,0
14860,0
14861,0
14862,0
14863,0
14864,0
14865,0
14870,0
14871,0
14882,0
14883,0
14888,0
14889,0
14890,0
14891,0
14894,0
14895,0
14902,0
14903,0
14904,0
14905,0
14908,0
14909,1500
14922,0
14923,2000
14924,0
14925,0
14926,0
14927,0
14930,0
14931,0
14932,0
14933,1500
14936,0
14937,0
14940,0
14941,0
14942,0
14943,1000
14950,0
14951,0
14956,0
14957,1000
14960,0
14961,0
14966,0
14967,0
14974,0
14975,0
14976,0
14977,1000
14982,0
14983,0
14986,0
14987,0
14988,0
14989,1500
14990,0
14991,1000
14998,0
14999,0
15008,0
15009,0
15012,0
15013,1000
15020,0
15021,0
15022,0
15023,0
15042,0
15043,0
15044,0
15045,1500
15050,0
15051,0
15060,0
15061,0
15092,0
15093,2000
15094,0
15095,2000
15098,0
15099,0
15110,0
15111,0
15120,0
15121,0
15122,0
15123,0
15146,0
15147,0
15148,0
15149,0
15150,0
15151,1500
15156,0
15157,0
15162,0
15163,1500
15172,0
15173,1500
15174,0
15175,0
15186,0
15187,0
15192,0
15193,0
15198,0
15199,0
15204,0
15205,1000
15208,0
15209,0
15212,0
15213,0
15216,0
15217,1500
15218,0
15219,1000
15224,0
15225,1000
15226,0
15227,1000
15230,0
15231,0
15232,0
15233,0
15244,0
15245,1500
15246,0
15247,0
15248,0
15249,0
15258,0
15259,0
15274,0
15275,0
15276,0
15277,0
15278,0
15279,0
15290,0
15291,2000
15308,0
15309,0
15312,0
15313,1000
15314,0
15315,1000
15316,0
15317,1000
15326,0
15327,0
15328,0
15329,0
15342,0
15343,2000
15344,0
15345,0
15346,0
15347,0
15352,0
15353,0
15354,0
15355,1000
15376,0
15377,2000
15380,0
15381,0
15386,0
15387,0
15388,0
15389,0
15392,0
15393,0
15400,0
15401,1500
15406,0
15407,0
15408,0
15409,0
15410,0
15411,0
15412,0
15413,0
15416,0
15417,0
15422,0
15423,1500
15424,0
15425,1000
15428,0
15429,2000
15434,0
15435,0
15436,0
15437,0
15438,0
15439,0
15440,0
15441,0
15442,0
15443,0
15446,0
15447,0
15448,0
15449,0
15456,0
15457,0
15460,0
15461,0
15464,0
15465,0
15468,0
15469,1000
15476,0
15477,1000
15478,0
15479,0
15492,0
15493,0
15498,0
15499,0
15502,0
15503,0
15510,0
15511,0
15512,0
15513,1500
15514,0
15515,0
15532,0
15533,0
15536,0
15537,1500
15538,0
15539,1000
15540,0
15541,0
15544,0
15545,0
15552,0
15553,1000
15560,0
15561,2000
15562,0
15563,0
15568,0
15569,1500
15574,0
15575,0
15580,0
15581,0
15588,0
15589,0
15590,0
15591,0
15594,0
15595,0
15596,0
15597,0
15598,0
15599,2000
15606,0
15607,0
15608,0
15609,0
15610,0
15611,0
15612,0
15613,0
15618,0
15619,0
15626,0
15627,0
15632,0
15633,1000
15634,0
15635,0
15640,0
15641,2000
15642,0
15643,1500
15648,0
15649,1000
15672,0
15673,1000
15682,0
15683,1500
15686,0
15687,0
15692,0
15693,0
15694,0
15695,1000
15698,0
15699,0
15700,0
15701,1500
15708,0
15709,2000
15712,0
15713,0
15716,0
15717,0
15722,0
15723,0
15728,0
15729,2000
15736,0
15737,1000
15746,0
15747,0
15752,0
15753,0
15754,0
15755,0
15756,0
15757,0
15760,0
15761,0
15766,0
15767,0
15770,0
15771,2000
15772,0
15773,2000
15774,0
15775,1500
15778,0
15779,1500
15788,0
15789,0
15794,0
15795,2000
15802,0
15803,0
15812,0
15813,2000
15836,0
15837,0
15840,0
15841,0
15854,0
15855,1500
15858,0
15859,0
15860,0
15861,0
15878,0
15879,0
15882,0
15883,0
15890,0
15891,0
15894,0
15895,1000
15902,0
15903,0
15904,0
15905,0
15912,0
15913,0
15920,0
15921,0
15926,0
15927,0
15930,0
15931,1500
15938,0
15939,1000
15950,0
15951,1000
15956,0
15957,2000
15958,0
15959,0
15962,0
15963,0
15974,0
15975,0
15994,0
15995,0
15996,0
15997,0
16002,0
16003,0
16006,0
16007,0
16010,0
16011,1000
16020,0
16021,0
16022,0
16023,2000
16024,0
16025,1000
16032,0
16033,1000
16042,0
16043,1000
16044,0
16045,0
16052,0
16053,2000
16056,0
16057,0
16060,0
16061,0
16062,0
16063,0
16064,0
16065,0
16066,0
16067,1500
16070,0
16071,0
16082,0
16083,1000
16098,0
16099,1500
16104,0
16105,0
16124,0
16125,0
16126,0
16127,0
16128,0
16129,0
16130,0
16131,0
16134,0
16135,0
16142,0
16143,0
16154,0
16155,0
16156,0
16157,0
16162,0
16163,0
16166,0
16167,1000
16170,0
16171,0
16174,0
16175,0
16176,0
16177,0
16186,0
16187,0
16188,0
16189,0
16194,0
16195,2000
16200,0
16201,0
16202,0
16203,0
16204,0
16205,0
16206,0
16207,0
16214,0
16215,2000
16218,0
16219,0
16224,0
16225,1000
16230,0
16231,0
16236,0
16237,0
16242,0
16243,1500
16252,0
16253,0
16256,0
16257,2000
16262,0
16263,2000
16266,0
16267,0
16278,0
16279,1000
16280,0
16281,0
16290,0
16291,0
16300,0
16301,0
16302,0
16303,1500
16304,0
16305,0
16318,0
16319,1500
16324,0
16325,0
16342,0
16343,0
16344,0
16345,0
16358,0
16359,0
16360,0
16361,0
16362,0
16363,0
16364,0
16365,0
16366,0
16367,1500
16376,0
16377,0
16382,0
16383,0
16384,0
16385,0
16392,0
16393,0
16402,0
16403,0
16414,0
16415,2000
16418,0
16419,0
16420,0
16421,0
16424,0
16425,1000
16428,0
16429,0
16440,0
16441,0
16442,0
16443,0
16446,0
16447,0
16448,0
16449,0
16450,0
16451,0
16462,0
16463,0
16466,0
16467,0
16468,0
16469,2000
16470,0
16471,0
16476,0
16477,1500
16480,0
16481,1000
16484,0
16485,0
16488,0
16489,0
16492,0
16493,1500
16494,0
16495,0
16500,0
16501,0
16512,0
16513,0
16540,0
16541,0
16548,0
16549,0
16550,0
16551,0
16556,0
16557,0
16558,0
16559,0
16568,0
16569,1500
16580,0
16581,0
16584,0
16585,0
16596,0
16597,0
16604,0
16605,2000
16608,0
16609,1000
16612,0
16613,0
16614,0
16615,0
16620,0
16621,0
16630,0
16631,0
16634,0
16635,0
16636,0
16637,1000
16648,0
16649,0
16652,0
16653,1500
16656,0
16657,0
16658,0
16659,0
16668,0
16669,0
16672,0
16673,0
16674,0
16675,0
16676,0
16677,0
16680,0
16681,0
16688,0
16689,1500
16702,0
16703,0
16710,0
16711,2000
16714,0
16715,0
16718,0
16719,2000
16720,0
16721,0
16732,0
16733,0
16734,0
16735,0
16736,0
16737,1000
16738,0
16739,0
16742,0
16743,1000
16748,0
16749,0
16750,0
16751,0
16754,0
16755,2000
16764,0
16765,0
16766,0
16767,0
16772,0
16773,0
16774,0
16775,0
16780,0
16781,0
16782,0
16783,2000
16796,0
16797,0
16802,0
16803,1000
16804,0
16805,1500
16810,0
16811,0
16818,0
16819,0
16822,0
16823,2000
16824,0
16825,1000
16826,0
16827,0
16828,0
16829,0
16844,0
16845,0
16848,0
16849,0
16860,0
16861,0
16866,0
16867,0
16870,0
16871,0
16872,0
16873,0
16874,0
16875,1500
16878,0
16879,0
16884,0
16885,0
16886,0
16887,1500
16890,0
16891,1000
16898,0
16899,0
16916,0
16917,1500
16924,0
16925,0
16928,0
16929,0
16940,0
16941,0
16948,0
16949,0
16952,0
16953,0
16954,0
16955,0
16958,0
16959,0
16962,0
16963,0
16964,0
16965,0
16972,0
16973,0
16974,0
16975,0
16978,0
16979,0
16980,0
16981,2000
16992,0
16993,2000
16994,0
16995,1000
16996,0
16997,0
17006,0
17007,0
17026,0
17027,0
17034,0
17035,0
17038,0
17039,0
17044,0
17045,0
17048,0
17049,1500
17056,0
17057,2000
17062,0
17063,0
17064,0
17065,1500
17070,0
17071,2000
17086,0
17087,0
17102,0
17103,0
17106,0
17107,0
17116,0
17117,0
17122,0
17123,0
17128,0
17129,0
17140,0
17141,0
17148,0
17149,0
17150,0
17151,0
17164,0
17165,1000
17168,0
17169,1000
17178,0
17179,0
17180,0
17181,0
17190,0
17191,0
17204,0
17205,1500
17208,0
17209,1000
17210,0
17211,0
17220,0
17221,0
17236,0
17237,0
17240,0
17241,0
17244,0
17245,0
17248,0
17249,0
17252,0
17253,0
17258,0
17259,0
17270,0
17271,2000
17272,0
17273,0
17274,0
17275,0
17278,0
17279,0
17290,0
17291,0
17300,0
17301,0
17312,0
17313,0
17314,0
17315,0
17318,0
17319,1000
17332,0
17333,0
17334,0
17335,0
17338,0
17339,0
17354,0
17355,2000
17366,0
17367,0
17380,0
17381,0
17382,0
17383,1500
17390,0
17391,0
17392,0
17393,1000
17394,0
17395,1500
17402,0
17403,0
17408,0
17409,0
17410,0
17411,0
17412,0
17413,0
17416,0
17417,0
17422,0
17423,0
17424,0
17425,0
17428,0
17429,0
17432,0
17433,0
17434,0
17435,0
17436,0
17437,0
17456,0
17457,0
17460,0
17461,0
17474,0
17475,0
17484,0
17485,0
17486,0
17487,0
17488,0
17489,0
17494,0
17495,0
17496,0
17497,0
17500,0
17501,0
17502,0
17503,0
17512,0
17513,1000
17520,0
17521,1000
17524,0
17525,1500
17526,0
17527,0
17528,0
17529,0
17532,0
17533,0
17534,0
17535,0
17540,0
17541,0
17544,0
17545,0
17568,0
17569,0
17574,0
17575,0
17586,0
17587,0
17614,0
17615,0
17618,0
17619,0
17630,0
17631,0
17634,0
17635,1000
17636,0
17637,0
17638,0
17639,0
17640,0
17641,1000
17644,0
17645,2000
17646,0
17647,0
17668,0
17669,0
17670,0
17671,0
17686,0
17687,0
17700,0
17701,0
17716,0
17717,1000
17724,0
17725,0
17726,0
17727,0
17728,0
17729,1000
17730,0
17731,0
17734,0
17735,0
17736,0
17737,0
17740,0
17741,0
17744,0
17745,0
17752,0
17753,1000
17756,0
17757,1000
17760,0
17761,0
17766,0
17767,0
17788,0
17789,0
17794,0
17795,0
17798,0
17799,0
17810,0
17811,1000
17814,0
17815,1000
17822,0
17823,0
17828,0
17829,0
17852,0
17853,0
17854,0
17855,2000
17858,0
17859,0
17866,0
17867,0
17876,0
17877,0
17880,0
17881,2000
17882,0
17883,0
17900,0
17901,0
17906,0
17907,0
17908,0
17909,0
17910,0
17911,1000
17912,0
17913,0
17914,0
17915,1000
17922,0
17923,0
17930,0
17931,0
17932,0
17933,0
17936,0
17937,0
17940,0
17941,0
17942,0
17943,1000
17948,0
17949,1000
17950,0
17951,2000
17956,0
17957,0
17962,0
17963,2000
17966,0
17967,0
17968,0
17969,0
17970,0
17971,0
17974,0
17975,0
17978,0
17979,0
17982,0
17983,1000
17984,0
17985,0
17988,0
17989,0
18002,0
18003,1000
18004,0
18005,0
18012,0
18013,0
18022,0
18023,1500
18026,0
18027,0
18030,0
18031,0
18032,0
18033,0
18034,0
18035,1000
18038,0
18039,0
18042,0
18043,1000
18044,0
18045,1500
18046,0
18047,1500
18056,0
18057,0
18058,0
18059,0
18064,0
18065,0
18068,0
18069,0
18070,0
18071,1000
18076,0
18077,2000
18078,0
18079,1000
18092,0
18093,0
18094,0
18095,0
18096,0
18097,0
18098,0
18099,0
18112,0
18113,0
18118,0
18119,1500
18120,0
18121,0
18130,0
18131,0
18136,0
18137,0
18148,0
18149,0
18150,0
18151,2000
18154,0
18155,0
18156,0
18157,1500
18162,0
18163,1000
18164,0
18165,0
18166,0
18167,0
18172,0
18173,0
18176,0
18177,0
18188,0
18189,0
18194,0
18195,2000
18198,0
18199,0
18200,0
18201,0
18214,0
18215,1000
18224,0
18225,0
18230,0
18231,0
18236,0
18237,1000
18244,0
18245,1500
18250,0
18251,0
18256,0
18257,2000
18260,0
18261,0
18266,0
18267,1000
18268,0
18269,0
18272,0
18273,0
18284,0
18285,0
18286,0
18287,1500
18288,0
18289,0
18292,0
18293,1000
18300,0
18301,1500
18302,0
18303,2000
18306,0
18307,0
18308,0
18309,2000
18310,0
18311,0
18316,0
18317,0
18330,0
18331,1000
18334,0
18335,0
18336,0
18337,1000
18356,0
18357,0
18358,0
18359,1500
18360,0
18361,1000
18364,0
18365,1500
18378,0
18379,0
18384,0
18385,1000
18386,0
18387,1000
18400,0
18401,0
18404,0
18405,2000
18406,0
18407,0
18412,0
18413,0
18420,0
18421,1000
18436,0
18437,0
18442,0
18443,0
18444,0
18445,2000
18446,0
18447,0
18460,0
18461,1000
18462,0
18463,1500
18466,0
18467,0
18470,0
18471,2000
18474,0
18475,0
18476,0
18477,0
18478,0
18479,0
18484,0
18485,0
18492,0
18493,0
18496,0
18497,0
18504,0
18505,0
18506,0
18507,0
18512,0
18513,0
18518,0
18519,0
18528,0
18529,0
18532,0
18533,0
18536,0
18537,1000
18538,0
18539,0
18540,0
18541,1000
18550,0
18551,0
18558,0
18559,0
18564,0
18565,0
18570,0
18571,0
18572,0
18573,0
18574,0
18575,0
18582,0
18583,0
18584,0
18585,2000
18586,0
18587,0
18594,0
18595,0
18600,0
18601,1000
18606,0
18607,2000
18618,0
18619,1000
18620,0
18621,1500
18626,0
18627,0
18628,0
18629,1000
18636,0
18637,0
18652,0
18653,1500
18654,0
18655,0
18656,0
18657,1000
18664,0
18665,0
18676,0
18677,1000
18680,0
18681,1500
18682,0
18683,0
18686,0
18687,0
18688,0
18689,0
18690,0
18691,0
18696,0
18697,0
18700,0
18701,0
18702,0
18703,0
18704,0
18705,1500
18716,0
18717,0
18720,0
18721,0
18722,0
18723,0
18726,0
18727,0
18728,0
18729,0
18736,0
18737,0
18738,0
18739,1500
18742,0
18743,0
18754,0
18755,0
18756,0
18757,0
18758,0
18759,2000
18762,0
18763,0
18764,0
18765,0
18770,0
18771,0
18774,0
18775,2000
18780,0
18781,0
18790,0
18791,0
18794,0
18795,1500
18796,0
18797,2000
18798,0
18799,0
18800,0
18801,0
18802,0
18803,0
18806,0
18807,0
18814,0
18815,0
18820,0
18821,0
18828,0
18829,0
18832,0
18833,0
18836,0
18837,0
18838,0
18839,0
18840,0
18841,0
18844,0
18845,0
18860,0
18861,0
18864,0
18865,0
18866,0
18867,2000
18878,0
18879,0
18880,0
18881,0
18892,0
18893,1000
18896,0
18897,0
18906,0
18907,2000
18934,0
18935,1000
18936,0
18937,0
18940,0
18941,0
18944,0
18945,0
18948,0
18949,0
18954,0
18955,0
18960,0
18961,0
18970,0
18971,0
18972,0
18973,0
18976,0
18977,0
18982,0
18983,0
18986,0
18987,0
18988,0
18989,1500
18992,0
18993,0
18994,0
18995,0
19006,0
19007,1000
19010,0
19011,1000
19020,0
19021,0
19024,0
19025,0
19028,0
19029,0
19030,0
19031,0
19042,0
19043,1000
19044,0
19045,2000
19046,0
19047,0
19056,0
19057,0
19058,0
19059,1000
19062,0
19063,0
19082,0
19083,0
19098,0
19099,0
19106,0
19107,2000
19110,0
19111,0
19118,0
19119,0
19120,0
19121,0
19122,0
19123,2000
19126,0
19127,2000
19130,0
19131,0
19134,0
19135,0
19136,0
19137,0
19140,0
19141,0
19144,0
19145,0
19146,0
19147,1500
19148,0
19149,1500
19150,0
19151,0
19152,0
19153,0
19168,0
19169,1000
19170,0
19171,0
19186,0
19187,0
19196,0
19197,0
19200,0
19201,0
19202,0
19203,1500
19204,0
19205,1000
19212,0
19213,0
19218,0
19219,0
19220,0
19221,0
19224,0
19225,1000
19228,0
19229,1500
19236,0
19237,2000
19238,0
19239,0
19242,0
19243,0
19250,0
19251,0
19252,0
19253,0
19258,0
19259,1500
19266,0
19267,0
19272,0
19273,0
19274,0
19275,1500
19282,0
19283,2000
19288,0
19289,0
19290,0
19291,0
19298,0
19299,0
19300,0
19301,0
19306,0
19307,1000
19310,0
19311,0
19322,0
19323,0
19338,0
19339,0
19340,0
19341,0
19346,0
19347,1000
19348,0
19349,0
19368,0
19369,0
19376,0
19377,0
19386,0
19387,0
19388,0
19389,0
19392,0
19393,0
19396,0
19397,1500
19400,0
19401,0
19402,0
19403,1500
19404,0
19405,1000
19406,0
19407,0
19410,0
19411,0
19414,0
19415,0
19416,0
19417,0
19424,0
19425,1000
19430,0
19431,0
19434,0
19435,0
19438,0
19439,1500
19440,0
19441,0
19442,0
19443,1500
19460,0
19461,0
19466,0
19467,0
19472,0
19473,0
19474,0
19475,0
19482,0
19483,1500
19486,0
19487,2000
19498,0
19499,0
19508,0
19509,1500
19520,0
19521,0
19522,0
19523,0
19524,0
19525,0
19530,0
19531,1000
19532,0
19533,0
19534,0
19535,0
19538,0
19539,0
19540,0
19541,0
19544,0
19545,0
19548,0
19549,0
19550,0
19551,0
19552,0
19553,0
19558,0
19559,0
19562,0
19563,0
19564,0
19565,2000
19568,0
19569,0
19570,0
19571,0
19574,0
19575,1000
19582,0
19583,1000
19584,0
19585,1000
19592,0
19593,0
19600,0
19601,1000
19602,0
19603,0
19630,0
19631,0
19636,0
19637,0
19642,0
19643,0
19644,0
19645,0
19648,0
19649,0
19650,0
19651,0
19656,0
19657,0
19660,0
19661,0
19672,0
19673,0
19688,0
19689,0
19690,0
19691,0
19694,0
19695,1500
19696,0
19697,0
19698,0
19699,1000
19702,0
19703,0
19712,0
19713,0
19714,0
19715,1000
19728,0
19729,0
19730,0
19731,0
19738,0
19739,0
19742,0
19743,0
19748,0
19749,0
19752,0
19753,1500
19758,0
19759,1500
19764,0
19765,2000
19766,0
19767,1000
19770,0
19771,1500
19772,0
19773,0
19788,0
19789,0
19790,0
19791,0
19796,0
19797,0
19798,0
19799,0
19802,0
19803,0
19804,0
19805,0
19812,0
19813,0
19818,0
19819,0
19822,0
19823,0
19830,0
19831,1000
19836,0
19837,0
19840,0
19841,1000
19844,0
19845,1500
19846,0
19847,0
19850,0
19851,0
19852,0
19853,0
19854,0
19855,0
19864,0
19865,0
19866,0
19867,0
19870,0
19871,0
19874,0
19875,0
19878,0
19879,0
19894,0
19895,1000
19898,0
19899,0
19906,0
19907,0
19908,0
19909,0
19914,0
19915,1500
19916,0
19917,1000
19944,0
19945,0
19952,0
19953,0
19966,0
19967,0
19970,0
19971,0
19978,0
19979,0
19980,0
19981,0
19982,0
19983,0
19986,0
19987,0
19992,0
19993,0
19994,0
19995,0
20008,0
20009,1000
20024,0
20025,1000
20026,0
20027,0
20030,0
20031,1500
20034,0
20035,0
20036,0
20037,0
20042,0
20043,0
20062,0
20063,0
20072,0
20073,2000
20074,0
20075,0
20080,0
20081,0
20082,0
20083,0
20084,0
20085,1000
20096,0
20097,0
20100,0
20101,0
20112,0
20113,0
20118,0
20119,0
20124,0
20125,0
20132,0
20133,0
20136,0
20137,1500
20148,0
20149,0
20150,0
20151,0
20152,0
20153,1500
20154,0
20155,0
20162,0
20163,0
20172,0
20173,1000
20174,0
20175,0
20182,0
20183,0
20184,0
20185,1000
20198,0
20199,0
20200,0
20201,2000
20210,0
20211,0
20214,0
20215,0
20228,0
20229,0
20234,0
20235,0
20236,0
20237,2000
20238,0
20239,0
20240,0
20241,0
20244,0
20245,0
20252,0
20253,0
20258,0
20259,1000
20264,0
20265,2000
20268,0
20269,2000
20292,0
20293,0
20300,0
20301,1000
20316,0
20317,0
20320,0
20321,0
20322,0
20323,0
20333,0
20339,0
20341,0
20347,0
20354,0
20355,0
20356,0
20357,0
20360,0
20361,0
20364,0
20365,0
20366,0
20367,0
20378,0
20379,0
20386,0
20387,1000
20388,0
20389,0
20394,0
20395,1000
20396,0
20397,0
20402,0
20403,0
20404,0
20405,0
20410,0
20411,0
20414,0
20415,0
20416,0
20417,1000
20422,0
20423,0
20428,0
20429,0
20434,0
20435,0
20440,0
20441,0
20444,0
20445,0
20456,0
20457,0
20466,0
20467,0
20474,0
20475,0
20480,0
20481,0
20482,0
20483,0
20492,0
20493,0
20494,0
20495,0
20498,0
20499,0
20514,0
20515,1000
20518,0
20519,0
20522,0
20523,0
20524,0
20525,0
20538,0
20539,0
20544,0
20545,0
20550,0
20551,0
20560,0
20561,0
20562,0
20563,0
20566,0
20567,1500
20570,0
20571,0
20578,0
20579,0
20580,0
20581,0
20582,0
20583,0
20590,0
20591,0
20592,0
20593,0
20594,0
20595,0
20596,0
20597,0
20602,0
20603,0
20604,0
20605,0
20606,0
20607,0
20612,0
20613,0
20624,0
20625,0
20626,0
20627,2000
20632,0
20633,0
20634,0
20635,2000
20638,0
20639,0
20640,0
20641,0
20646,0
20647,0
20648,0
20649,0
20650,0
20651,0
20652,0
20653,0
20656,0
20657,0
20662,0
20663,0
20668,0
20669,0
20672,0
20673,0
20676,0
20677,0
20698,0
20699,0
20714,0
20715,2000
20720,0
20721,1000
20722,0
20723,0
20728,0
20729,0
20738,0
20739,0
20752,0
20753,0
20762,0
20763,0
20764,0
20765,1000
20766,0
20767,2000
20770,0
20771,1000
20772,0
20773,0
20782,0
20783,0
20784,0
20785,0
20798,0
20799,0
20804,0
20805,0
20812,0
20813,0
20816,0
20817,0
20826,0
20827,0
20836,0
20837,0
20840,0
20841,0
20848,0
20849,0
20850,0
20851,0
20856,0
20857,1000
20858,0
20859,0
20868,0
20869,0
20876,0
20877,0
20878,0
20879,0
20880,0
20881,0
20898,0
20899,0
20900,0
20901,0
20902,0
20903,0
20908,0
20909,0
20910,0
20911,0
20912,0
20913,0
20934,0
20935,0
20938,0
20939,0
20940,0
20941,0
20950,0
20951,0
20952,0
20953,0
20956,0
20957,1000
20962,0
20963,0
20968,0
20969,0
20978,0
20979,0
20980,0
20981,2000
20982,0
20983,0
20984,0
20985,0
20986,0
20987,0
20992,0
20993,0
21014,0
21015,0
21016,0
21017,0
21018,0
21019,0
21022,0
21023,0
21024,0
21025,0
21026,0
21027,0
21044,0
21045,0
21048,0
21049,0
21050,0
21051,0
21054,0
21055,0
21062,0
21063,0
21068,0
21069,0
21070,0
21071,0
21074,0
21075,0
21084,0
21085,0
21086,0
21087,0
21096,0
21097,2000
21104,0
21105,0
21116,0
21117,0
21118,0
21119,0
21120,0
21121,0
21148,0
21149,0
21152,0
21153,1000
21164,0
21165,1500
21168,0
21169,1000
21178,0
21179,0
21180,0
21181,0
21184,0
21185,0
21186,0
21187,0
21190,0
21191,0
21200,0
21201,1000
21212,0
21213,0
21242,0
21243,0
21246,0
21247,2000
21248,0
21249,2000
21252,0
21253,0
21256,0
21257,0
21272,0
21273,0
21278,0
21279,0
21286,0
21287,0
21288,0
21289,0
21290,0
21291,0
21292,0
21293,1500
21296,0
21297,0
21312,0
21313,0
21320,0
21321,0
21322,0
21323,1500
21324,0
21325,0
21326,0
21327,0
21332,0
21333,0
21334,0
21335,0
21338,0
21339,1500
21346,0
21347,1000
21348,0
21349,1000
21362,0
21363,0
21364,0
21365,0
21368,0
21369,0
21384,0
21385,0
21386,0
21387,0
21388,0
21389,0
21400,0
21401,0
21402,0
21403,0
21404,0
21405,1500
21410,0
21411,0
21412,0
21413,0
21420,0
21421,1500
21424,0
21425,0
21428,0
21429,0
21430,0
21431,1000
21432,0
21433,0
21434,0
21435,0
21436,0
21437,0
21440,0
21441,0
21442,0
21443,0
21444,0
21445,0
21452,0
21453,1000
21454,0
21455,0
21462,0
21463,0
21470,0
21471,0
21482,0
21483,0
21490,0
21491,1000
21492,0
21493,0
21500,0
21501,1000
21502,0
21503,0
21506,0
21507,0
21508,0
21509,0
21510,0
21511,2000
21514,0
21515,0
21522,0
21523,1000
21526,0
21527,1500
21528,0
21529,0
21530,0
21531,1000
21542,0
21543,0
21544,0
21545,0
21548,0
21549,0
21550,0
21551,0
21556,0
21557,0
21558,0
21559,1000
21566,0
21567,2000
21576,0
21577,0
21578,0
21579,0
21580,0
21581,0
21594,0
21595,1000
21622,0
21623,0
21628,0
21629,0
21632,0
21633,0
21634,0
21635,0
21646,0
21647,0
21652,0
21653,2000
21656,0
21657,0
21662,0
21663,0
21666,0
21667,0
21672,0
21673,0
21678,0
21679,0
21682,0
21683,0
21684,0
21685,1000
21694,0
21695,0
21706,0
21707,1500
21716,0
21717,0
21718,0
21719,0
21720,0
21721,1000
21726,0
21727,0
21728,0
21729,0
21730,0
21731,0
21738,0
21739,0
21742,0
21743,1000
21744,0
21745,1500
21746,0
21747,0
21756,0
21757,2000
21758,0
21759,0
21764,0
21765,0
21770,0
21771,0
21786,0
21787,0
21790,0
21791,0
21794,0
21795,0
21802,0
21803,0
21804,0
21805,0
21812,0
21813,1000
21820,0
21821,1000
21826,0
21827,0
21832,0
21833,0
21834,0
21835,0
21842,0
21843,1000
21846,0
21847,0
21848,0
21849,0
21850,0
21851,0
21852,0
21853,2000
21858,0
21859,0
21864,0
21865,0
21870,0
21871,1500
21880,0
21881,0
21882,0
21883,0
21888,0
21889,0
21890,0
21891,0
21898,0
21899,0
21908,0
21909,0
21918,0
21919,0
21924,0
21925,0
21932,0
21933,0
21936,0
21937,0
21940,0
21941,0
21942,0
21943,0
21944,0
21945,0
21948,0
21949,0
21950,0
21951,1000
21956,0
21957,1000
21958,0
21959,2000
21974,0
21975,1000
21980,0
21981,0
21994,0
21995,1500
21996,0
21997,0
22004,0
22005,0
22008,0
22009,0
22010,0
22011,0
22014,0
22015,0
22016,0
22017,1000
22024,0
22025,1500
22036,0
22037,0
22042,0
22043,0
22046,0
22047,0
22050,0
22051,0
22052,0
22053,0
22054,0
22055,0
22064,0
22065,0
22066,0
22067,0
22070,0
22071,0
22074,0
22075,0
22086,0
22087,0
22096,0
22097,0
22102,0
22103,0
22106,0
22107,0
22110,0
22111,0
22114,0
22115,0
22124,0
22125,0
22128,0
22129,0
22132,0
22133,0
22142,0
22143,0
22150,0
22151,0
22152,0
22153,0
22156,0
22157,0
22166,0
22167,0
22178,0
22179,0
22184,0
22185,0
22188,0
22189,0
22190,0
22191,0
22192,0
22193,0
22200,0
22201,0
22208,0
22209,0
22210,0
22211,0
22214,0
22215,0
22216,0
22217,0
22226,0
22227,0
22242,0
22243,0
22248,0
22249,0
22254,0
22255,0
22256,0
22257,0
22258,0
22259,0
22262,0
22263,0
22266,0
22267,0
22268,0
22269,0
22274,0
22275,0
22278,0
22279,0
22308,0
22309,0
22312,0
22313,0
22316,0
22317,0
22336,0
22337,0
22342,0
22343,0
22348,0
22349,0
22352,0
22353,0
22354,0
22355,0
22388,0
22389,0
22392,0
22393,0
22396,0
22397,0
22398,0
22399,0
22400,0
22401,0
22402,0
22403,0
22406,0
22407,0
22412,0
22413,0
22416,0
22417,0
22428,0
22429,0
22432,0
22433,0
22434,0
22435,0
22440,0
22441,0
22442,0
22443,0
22444,0
22445,0
22452,0
22453,0
22460,0
22461,0
22466,0
22467,0
22472,0
22473,0
22474,0
22475,0
22506,0
22507,0
22514,0
22515,0
22520,0
22521,0
22524,0
22525,0
22526,0
22527,0
22528,0
22529,0
22530,0
22531,0
22540,0
22541,0
22564,0
22565,0
22570,0
22571,0
22576,0
22577,0
22586,0
22587,0
22590,0
22591,0
22602,0
22603,0
22606,0
22607,0
22620,0
22621,0
22622,0
22623,0
22626,0
22627,0
22634,0
22635,0
22638,0
22639,0
22642,0
22643,0
22648,0
22649,0
22652,0
22653,0
22668,0
22669,0
22674,0
22675,0
22690,0
22691,0
22696,0
22697,0
22702,0
22703,0
22704,0
22705,0
22712,0
22713,0
22722,0
22723,0
22730,0
22731,0
22738,0
22739,0
22740,0
22741,0
22742,0
22743,0
22746,0
22747,0
22750,0
22751,0
22772,0
22773,0
22774,0
22775,0
22776,0
22777,0
22780,0
22781,0
22788,0
22789,0
22794,0
22795,0
22796,0
22797,0
22798,0
22799,0
22800,0
22801,0
22804,0
22805,0
22806,0
22807,0
22808,0
22809,0
22834,0
22835,0
22842,0
22843,0
22846,0
22847,0
22854,0
22855,0
22870,0
22871,0
22872,0
22873,0
22876,0
22877,0
22882,0
22883,0
22888,0
22889,0
22892,0
22893,0
22894,0
22895,0
22906,0
22907,0
22908,0
22909,0
22910,0
22911,0
22924,0
22925,0
22926,0
22927,0
22930,0
22931,0
22934,0
22935,0
22942,0
22943,0
22950,0
22951,0
22952,0
22953,0
22954,0
22955,0
22956,0
22957,0
22970,0
22971,0
22974,0
22975,0
22986,0
22987,0
22990,0
22991,0
22992,0
22993,0
23000,0
23001,0
23016,0
23017,0
23018,0
23019,0
23020,0
23021,0
23022,0
23023,0
23028,0
23029,0
23030,0
23031,0
23034,0
23035,0
23040,0
23041,0
23042,0
23043,0
23050,0
23051,0
23054,0
23055,0
23060,0
23061,0
23066,0
23067,0
23068,0
23069,0
23082,0
23083,0
23084,0
23085,0
23086,0
23087,0
23096,0
23097,0
23100,0
23101,0
23102,0
23103,0
23104,0
23105,0
23106,0
23107,0
23112,0
23113,0
23116,0
23117,0
23130,0
23131,0
23132,0
23133,0
23138,0
23139,0
23144,0
23145,0
23154,0
23155,0
23160,0
23161,0
23162,0
23163,0
23164,0
23165,0
23172,0
23173,0
23186,0
23187,0
23190,0
23191,0
23194,0
23195,0
23196,0
23197,0
23202,0
23203,0
23212,0
23213,0
23214,0
23215,0
23216,0
23217,0
23218,0
23219,0
23222,0
23223,0
23228,0
23229,0
23230,0
23231,0
23240,0
23241,0
23246,0
23247,0
23248,0
23249,0
23252,0
23253,0
23254,0
23255,0
23258,0
23259,0
23262,0
23263,0
23266,0
23267,0
23268,0
23269,0
23280,0
23281,0
23288,0
23289,0
23300,0
23301,0
23302,0
23303,0
23304,0
23305,0
23312,0
23313,0
23316,0
23317,0
23318,0
23319,0
23326,0
23327,0
23328,0
23329,0
23330,0
23331,0
23334,0
23335,0
23336,0
23337,0
23342,0
23343,0
23344,0
23345,0
23348,0
23349,0
23352,0
23353,0
23360,0
23361,0
23362,0
23363,0
23372,0
23373,0
23380,0
23381,0
23386,0
23387,0
23388,0
23389,0
23390,0
23391,0
23398,0
23399,0
23400,0
23401,0
23402,0
23403,0
23414,0
23415,0
23416,0
23417,0
23418,0
23419,0
23420,0
23421,0
23422,0
23423,0
23430,0
23431,0
23438,0
23439,0
23444,0
23445,0
23454,0
23455,0
23458,0
23459,0
23464,0
23465,0
23468,0
23469,0
23470,0
23471,0
23472,0
23473,0
23474,0
23475,0
23486,0
23487,0
23490,0
23491,0
23492,0
23493,0
23494,0
23495,0
23518,0
23519,0
23520,0
23521,0
23522,0
23523,0
23528,0
23529,0
23538,0
23539,0
23540,0
23541,0
23556,0
23557,0
23560,0
23561,0
23566,0
23567,0
23568,0
23569,0
23570,0
23571,0
23572,0
23573,0
23582,0
23583,0
23588,0
23589,0
23590,0
23591,0
23596,0
23597,0
23600,0
23601,0
23610,0
23611,0
23634,0
23635,0
23642,0
23643,0
23646,0
23647,0
23648,0
23649,0
23664,0
23665,0
23666,0
23667,0
23668,0
23669,0
23670,0
23671,0
23682,0
23683,0
23684,0
23685,0
23694,0
23695,0
23696,0
23697,0
23700,0
23701,0
23702,0
23703,0
23708,0
23709,0
23712,0
23713,0
23718,0
23719,0
23720,0
23721,0
23724,0
23725,0
23726,0
23727,0
23728,0
23729,0
23730,0
23731,0
23738,0
23739,0
23740,0
23741,0
23742,0
23743,0
23750,0
23751,0
23760,0
23761,0
23772,0
23773,0
23774,0
23775,0
23778,0
23779,0
23780,0
23781,0
23784,0
23785,0
23786,0
23787,0
23788,0
23789,0
23792,0
23793,0
23796,0
23797,0
23800,0
23801,0
23808,0
23809,0
23810,0
23811,0
23812,0
23813,0
23818,0
23819,0
23820,0
23821,0
23824,0
23825,0
23828,0
23829,0
23834,0
23835,0
23844,0
23845,0
23846,0
23847,0
23864,0
23865,0
23866,0
23867,0
23868,0
23869,0
23872,0
23873,0
23878,0
23879,0
23880,0
23881,0
23882,0
23883,0
23884,0
23885,0
23888,0
23889,0
23892,0
23893,0
23898,0
23899,0
23902,0
23903,0
23904,0
23905,0
23908,0
23909,0
23910,0
23911,0
23916,0
23917,0
23924,0
23925,0
23926,0
23927,0
23932,0
23933,0
23936,0
23937,0
23938,0
23939,0
23940,0
23941,0
23946,0
23947,0
23950,0
23951,0
23956,0
23957,0
23958,0
23959,0
23962,0
23963,0
23964,0
23965,0
23984,0
23985,0
23986,0
23987,0
23994,0
23995,0
23996,0
23997,0
23998,0
23999,0
24000,0
24001,0
24008,0
24009,0
24010,0
24011,0
24016,0
24017,0
24024,0
24025,0
24028,0
24029,0
24030,0
24031,0
24034,0
24035,0
24038,0
24039,0
24042,0
24043,0
24044,0
24045,0
24046,0
24047,0
24052,0
24053,0
24054,0
24055,0
24058,0
24059,0
24060,0
24061,0
24072,0
24073,0
24074,0
24075,0
24076,0
24077,0
24082,0
24083,0
24084,0
24085,0
24086,0
24087,0
24092,0
24093,0
24094,0
24095,0
24096,0
24097,0
24102,0
24103,0
24104,0
24105,0
24106,0
24107,0
24110,0
24111,0
24114,0
24115,0
24122,0
24123,0
24130,0
24131,0
24140,0
24141,0
24142,0
24143,0
24144,0
24145,0
24146,0
24147,0
24148,0
24149,0
24150,0
24151,0
24154,0
24155,0
24164,0
24165,0
24178,0
24179,0
24182,0
24183,0
24190,0
24191,0
24192,0
24193,0
24194,0
24195,0
24202,0
24203,0
24204,0
24205,0
24206,0
24207,0
24208,0
24209,0
24210,0
24211,0
24212,0
24213,0
24216,0
24217,0
24218,0
24219,0
24222,0
24223,0
24226,0
24227,0
24230,0
24231,0
24234,0
24235,0
24238,0
24239,0
24246,0
24247,0
24252,0
24253,0
24256,0
24257,0
24260,0
24261,0
24262,0
24263,0
24264,0
24265,0
24284,0
24285,0
24292,0
24293,0
24298,0
24299,0
24310,0
24311,0
24326,0
24327,0
24330,0
24331,0
24354,0
24355,0
24356,0
24357,0
24360,0
24361,0
24362,0
24363,0
24364,0
24365,0
24366,0
24367,0
24368,0
24369,0
24380,0
24381,0
24384,0
24385,0
24386,0
24387,0
24388,0
24389,0
24390,0
24391,0
24392,0
24393,0
24396,0
24397,0
24398,0
24399,0
24402,0
24403,0
24414,0
24415,0
24428,0
24429,0
24434,0
24435,0
24436,0
24437,0
24442,0
24443,0
24446,0
24447,0
24448,0
24449,0
24460,0
24461,0
24464,0
24465,0
24476,0
24477,0
24482,0
24483,0
24496,0
24497,0
24498,0
24499,0
24504,0
24505,0
24514,0
24515,0
24520,0
24521,0
24524,0
24525,0
24534,0
24535,0
24538,0
24539,0
24542,0
24543,0
24548,0
24549,0
24550,0
24551,0
24554,0
24555,0
24564,0
24565,0
24566,0
24567,0
24576,0
24577,0
24580,0
24581,0
24590,0
24591,0
24600,0
24601,0
24616,0
24617,0
24656,0
24657,0
24664,0
24665,0
24666,0
24667,0
24690,0
24691,0
24696,0
24697,0
24702,0
24703,0
24706,0
24707,0
24708,0
24709,0
24714,0
24715,0
24720,0
24721,0
24724,0
24725,0
24730,0
24731,0
24736,0
24737,0
24742,0
24743,0
24748,0
24749,0
24756,0
24757,0
24764,0
24765,0
24770,0
24771,0
24772,0
24773,0
24774,0
24775,0
24778,0
24779,0
24782,0
24783,0
24784,0
24785,0
24790,0
24791,0
24792,0
24793,0
24798,0
24799,0
24802,0
24803,0
24804,0
24805,0
24818,0
24819,0
24822,0
24823,0
24824,0
24825,0
24826,0
24827,0
24828,0
24829,0
24836,0
24837,0
24842,0
24843,0
24844,0
24845,0
24862,0
24863,0
24866,0
24867,0
24870,0
24871,0
24874,0
24875,0
24882,0
24883,0
24894,0
24895,0
24902,0
24903,0
24908,0
24909,0
24910,0
24911,0
24936,0
24937,0
24944,0
24945,0
24946,0
24947,0
24950,0
24951,0
24958,0
24959,0
24960,0
24961,0
24964,0
24965,0
24970,0
24971,0
24974,0
24975,0
24976,0
24977,0
24982,0
24983,0
24984,0
24985,0
24988,0
24989,0
24994,0
24995,0
25004,0
25005,0
25008,0
25009,0
25010,0
25011,0
25012,0
25013,0
25016,0
25017,0
25020,0
25021,0
25028,0
25029,0
25044,0
25045,0
25048,0
25049,0
25060,0
25061,0
25070,0
25071,0
25072,0
25073,0
25080,0
25081,0
25084,0
25085,0
25088,0
25089,0
25092,0
25093,0
25094,0
25095,0
25096,0
25097,0
25102,0
25103,0
25104,0
25105,0
25114,0
25115,0
25118,0
25119,0
25126,0
25127,0
25130,0
25131,0
25138,0
25139,0
25142,0
25143,0
25148,0
25149,0
25150,0
25151,0
25160,0
25161,0
25164,0
25165,0
25172,0
25173,0
25174,0
25175,0
25176,0
25177,0
25180,0
25181,0
25186,0
25187,0
25188,0
25189,0
25191,0
25196,0
25197,0
25198,0
25199,0
25200,0
25201,0
25210,0
25211,0
25212,0
25213,0
25214,0
25215,0
25220,0
25221,0
25222,0
25223,0
25238,0
25239,0
25244,0
25245,0
25254,0
25255,0
25256,0
25257,0
25264,0
25265,0
25268,0
25269,0
25272,0
25273,0
25276,0
25277,0
25282,0
25283,0
25284,0
25285,0
25298,0
25299,0
25300,0
25301,0
25312,0
25313,0
25314,0
25315,0
25320,0
25321,0
25322,0
25323,0
25326,0
25327,0
25328,0
25329,0
25334,0
25335,0
25336,0
25337,0
25338,0
25339,0
25356,0
25357,0
25358,0
25359,0
25360,0
25361,0
25366,0
25367,0
25370,0
25371,0
25388,0
25389,0
25406,0
25407,0
25410,0
25411,0
25416,0
25417,0
25428,0
25429,0
25430,0
25431,0
25444,0
25445,0
25450,0
25451,0
25452,0
25453,0
25462,0
25463,0
25464,0
25465,0
25494,0
25495,0
25500,0
25501,0
25508,0
25509,0
25510,0
25511,0
25522,0
25523,0
25528,0
25529,0
25530,0
25531,0
25532,0
25533,0
25536,0
25537,0
25546,0
25547,0
25548,0
25549,0
25562,0
25563,0
25564,0
25565,0
25578,0
25579,0
25582,0
25583,0
25584,0
25585,0
25586,0
25587,0
25590,0
25591,0
25596,0
25597,0
25604,0
25605,0
25628,0
25629,0
25630,0
25631,0
25632,0
25633,0
25634,0
25635,0
25640,0
25641,0
25654,0
25655,0
25670,0
25671,0
25672,0
25673,0
25674,0
25675,0
25696,0
25697,0
25706,0
25707,0
25716,0
25717,0
25724,0
25725,0
25730,0
25731,0
25734,0
25735,0
25738,0
25739,0
25740,0
25741,0
25744,0
25745,0
25750,0
25751,0
25752,0
25753,0
25756,0
25757,0
25758,0
25759,0
25762,0
25763,0
25766,0
25767,0
25778,0
25779,0
25784,0
25785,0
25786,0
25787,0
25800,0
25801,0
25802,0
25803,0
25818,0
25819,0
25820,0
25821,0
25822,0
25823,0
25824,0
25825,0
25830,0
25831,0
25836,0
25837,0
25850,0
25851,0
25860,0
25861,0
25862,0
25863,0
25872,0
25873,0
25880,0
25881,0
25884,0
25885,0
25888,0
25889,0
25894,0
25895,0
25898,0
25899,0
25902,0
25903,0
25908,0
25909,0
25914,0
25915,0
25916,0
25917,0
25922,0
25923,0
25924,0
25925,0
25926,0
25927,0
25932,0
25933,0
25934,0
25935,0
25940,0
25941,0
25942,0
25943,0
25944,0
25945,0
25950,0
25951,0
25954,0
25955,0
25956,0
25957,0
25962,0
25963,0
25978,0
25979,0
25990,0
25991,0
25998,0
25999,0
26000,0
26001,0
26006,0
26007,0
26024,0
26025,0
26046,0
26047,0
26048,0
26049,0
26056,0
26057,0
26064,0
26065,0
26082,0
26083,0
26090,0
26091,0
26102,0
26103,0
26112,0
26113,0
26114,0
26115,0
26126,0
26127,0
26130,0
26131,0
26150,0
26151,0
26156,0
26157,0
26170,0
26171,0
26180,0
26181,0
26190,0
26191,0
26192,0
26193,0
26194,0
26195,0
26216,0
26217,0
26222,0
26223,0
26224,0
26225,0
26228,0
26229,0
26234,0
26235,0
26242,0
26243,0
26248,0
26249,0
26252,0
26253,0
26260,0
26261,0
26266,0
26267,0
26274,0
26275,0
26284,0
26285,0
26290,0
26291,0
26294,0
26295,0
26302,0
26303,0
26304,0
26305,0
26310,0
26311,0
26312,0
26313,0
26314,0
26315,0
26318,0
26319,0
26324,0
26325,0
26332,0
26333,0
26352,0
26353,0
26356,0
26357,0
26364,0
26365,0
26366,0
26367,0
26368,0
26369,0
26386,0
26387,0
26390,0
26391,0
26394,0
26395,0
26400,0
26401,0
26404,0
26405,0
26414,0
26415,0
26422,0
26423,0
26434,0
26435,0
26436,0
26437,0
26442,0
26443,0
26452,0
26453,0
26460,0
26461,0
26468,0
26469,0
26476,0
26477,0
26482,0
26483,0
26488,0
26489,0
26494,0
26495,0
26500,0
26501,0
26516,0
26517,0
26526,0
26527,0
26548,0
26549,0
26556,0
26557,0
26564,0
26565,0
26566,0
26567,0
26568,0
26569,0
26570,0
26571,0
26572,0
26573,0
26574,0
26575,0
26576,0
26577,0
26592,0
26593,0
26594,0
26595,0
26596,0
26597,0
26600,0
26601,0
26608,0
26609,0
26618,0
26619,0
26626,0
26627,0
26628,0
26629,0
26630,0
26631,0
26642,0
26643,0
26656,0
26657,0
26664,0
26665,0
26668,0
26669,0
26678,0
26679,0
26680,0
26681,0
26700,0
26701,0
26716,0
26717,0
26720,0
26721,0
26722,0
26723,0
26732,0
26733,0
26738,0
26739,0
26744,0
26745,0
26748,0
26749,0
26750,0
26751,0
26752,0
26753,0
26754,0
26755,0
26758,0
26759,0
26760,0
26761,0
26762,0
26763,0
26764,0
26765,0
26768,0
26769,0
26770,0
26771,0
26772,0
26773,0
26780,0
26781,0
26782,0
26783,0
26786,0
26787,0
26790,0
26791,0
26792,0
26793,0
26806,0
26807,0
26812,0
26813,0
26820,0
26821,0
26824,0
26825,0
26828,0
26829,0
26832,0
26833,0
26836,0
26837,0
26840,0
26841,0
26862,0
26863,0
26866,0
26867,0
26870,0
26871,0
26882,0
26883,0
26884,0
26885,0
26886,0
26887,0
26920,0
26921,0
26926,0
26927,0
26930,0
26931,0
26932,0
26933,0
26938,0
26939,0
26942,0
26943,0
26952,0
26953,0
26958,0
26959,0
26966,0
26967,0
26970,0
26971,0
26974,0
26975,0
26982,0
26983,0
26984,0
26985,0
26990,0
26991,0
26998,0
26999,0
27004,0
27005,0
27016,0
27017,0
27020,0
27021,0
27022,0
27023,0
27028,0
27029,0
27030,0
27031,0
27032,0
27033,0
27042,0
27043,0
27044,0
27045,0
27052,0
27053,0
27056,0
27057,0
27058,0
27059,0
27064,0
27065,0
27066,0
27067,0
27076,0
27077,0
27086,0
27087,0
27092,0
27093,0
27098,0
27099,0
27104,0
27105,0
27106,0
27107,0
27108,0
27109,0
27118,0
27119,0
27122,0
27123,0
27124,0
27125,0
27128,0
27129,0
27138,0
27139,0
27142,0
27143,0
27146,0
27147,0
27152,0
27153,0
27154,0
27155,0
27164,0
27165,0
27176,0
27177,0
27182,0
27183,0
27184,0
27185,0
27188,0
27189,0
27190,0
27191,0
27204,0
27205,0
27220,0
27221,0
27224,0
27225,0
27230,0
27231,0
27250,0
27251,0
27252,0
27253,0
27268,0
27269,0
27282,0
27283,0
27290,0
27291,0
27296,0
27297,0
27300,0
27301,0
27310,0
27311,0
27318,0
27319,0
27322,0
27323,0
27324,0
27325,0
27326,0
27327,0
27328,0
27329,0
27330,0
27331,0
27348,0
27349,0
27350,0
27351,0
27356,0
27357,0
27360,0
27361,0
27376,0
27377,0
27378,0
27379,0
27380,0
27381,0
27382,0
27383,0
27384,0
27385,0
27394,0
27395,0
27398,0
27399,0
27406,0
27407,0
27412,0
27413,0
27414,0
27415,0
27416,0
27417,0
27418,0
27419,0
27420,0
27421,0
27422,0
27423,0
27432,0
27433,0
27434,0
27435,0
27436,0
27437,0
27452,0
27453,0
27476,0
27477,0
27490,0
27491,0
27492,0
27493,0
27494,0
27495,0
27510,0
27511,0
27514,0
27515,0
27524,0
27525,0
27526,0
27527,0
27530,0
27531,0
27532,0
27533,0
27534,0
27535,0
27542,0
27543,0
27544,0
27545,0
27558,0
27559,0
27576,0
27577,0
27578,0
27579,0
27580,0
27581,0
27584,0
27585,0
27610,0
27611,0
27612,0
27613,0
27618,0
27619,0
27624,0
27625,0
27626,0
27627,0
27640,0
27641,0
27652,0
27653,0
27658,0
27659,0
27668,0
27669,0
27682,0
27683,0
27684,0
27685,0
27686,0
27687,0
27688,0
27689,0
27692,0
27693,0
27694,0
27695,0
27696,0
27697,0
27704,0
27705,0
27710,0
27711,0
27712,0
27713,0
27716,0
27717,0
27720,0
27721,0
27722,0
27723,0
27726,0
27727,0
27728,0
27729,0
27730,0
27731,0
27734,0
27735,0
27738,0
27739,0
27748,0
27749,0
27750,0
27751,0
27754,0
27755,0
27758,0
27759,0
27766,0
27767,0
27770,0
27771,0
27774,0
27775,0
27782,0
27783,0
27786,0
27787,0
27792,0
27793,0
27800,0
27801,0
27806,0
27807,0
27812,0
27813,0
27820,0
27821,0
27824,0
27825,0
27828,0
27829,0
27842,0
27843,0
27846,0
27847,0
27854,0
27855,0
27860,0
27861,0
27874,0
27875,0
27880,0
27881,0
27902,0
27903,0
27912,0
27913,0
27918,0
27919,0
27924,0
27925,0
27926,0
27927,0
27936,0
27937,0
27950,0
27951,0
27956,0
27957,0
27958,0
27959,0
27974,0
27975,0
27982,0
27983,0
27986,0
27987,0
27990,0
27991,0
27992,0
27993,0
27994,0
27995,0
27996,0
27997,0
27998,0
27999,0
28002,0
28003,0
28012,0
28013,0
28020,0
28021,0
28028,0
28029,0
28040,0
28041,0
28044,0
28045,0
28048,0
28049,0
28050,0
28051,0
28058,0
28059,0
28064,0
28065,0
28072,0
28073,0
28074,0
28075,0
28076,0
28077,0
28080,0
28081,0
28100,0
28101,0
28110,0
28111,0
28112,0
28113,0
28114,0
28115,0
28118,0
28119,0
28120,0
28121,0
28134,0
28135,0
28136,0
28137,0
28150,0
28151,0
28154,0
28155,0
28158,0
28159,0
28160,0
28161,0
28166,0
28167,0
28168,0
28169,0
28170,0
28171,0
28198,0
28199,0
28202,0
28203,0
28204,0
28205,0
28208,0
28209,0
28216,0
28217,0
28222,0
28223,0
28228,0
28229,0
28236,0
28237,0
28238,0
28239,0
28242,0
28243,0
28250,0
28251,0
28256,0
28257,0
28264,0
28265,0
28266,0
28267,0
28272,0
28273,0
28280,0
28281,0
28286,0
28287,0
28288,0
28289,0
28290,0
28291,0
28296,0
28297,0
28300,0
28301,0
28306,0
28307,0
28310,0
28311,0
28320,0
28321,0
28322,0
28323,0
28324,0
28325,0
28326,0
28327,0
28348,0
28349,0
28352,0
28353,0
28370,0
28371,0
28372,0
28373,0
28380,0
28381,0
28382,0
28383,0
28384,0
28385,0
28388,0
28389,0
28396,0
28397,0
28402,0
28403,0
28418,0
28419,0
28420,0
28421,0
28426,0
28427,0
28428,0
28429,0
28430,0
28431,0
28444,0
28445,0
28448,0
28449,0
28450,0
28451,0
28462,0
28463,0
28464,0
28465,0
28476,0
28477,0
28488,0
28489,0
28490,0
28491,0
28492,0
28493,0
28502,0
28503,0
28508,0
28509,0
28510,0
28511,0
28512,0
28513,0
28542,0
28543,0
28546,0
28547,0
28554,0
28555,0
28558,0
28559,0
28560,0
28561,0
28564,0
28565,0
28570,0
28571,0
28586,0
28587,0
28588,0
28589,0
28590,0
28591,0
28594,0
28595,0
28598,0
28599,0
28600,0
28601,0
28624,0
28625,0
28640,0
28641,0
28666,0
28667,0
28678,0
28679,0
28680,0
28681,0
28698,0
28699,0
28700,0
28701,0
28702,0
28703,0
28708,0
28709,0
28712,0
28713,0
28714,0
28715,0
28716,0
28717,0
28720,0
28721,0
28728,0
28729,0
28734,0
28735,0
28750,0
28751,0
28754,0
28755,0
28766,0
28767,0
28768,0
28769,0
28776,0
28777,0
28782,0
28783,0
28796,0
28797,0
28814,0
28815,0
28816,0
28817,0
28822,0
28823,0
28846,0
28847,0
28848,0
28849,0
28858,0
28859,0
28864,0
28865,0
28872,0
28873,0
28882,0
28883,0
28886,0
28887,0
28906,0
28907,0
28910,0
28911,0
28918,0
28919,0
28920,0
28921,0
28928,0
28929,0
28932,0
28933,0
28944,0
28945,0
28962,0
28963,0
28964,0
28965,0
28966,0
28967,0
28968,0
28969,0
28972,0
28973,0
28976,0
28977,0
28986,0
28987,0
28988,0
28989,0
28994,0
28995,0
29002,0
29003,0
29008,0
29009,0
29014,0
29015,0
29018,0
29019,0
29020,0
29021,0
29028,0
29029,0
29036,0
29037,0
29060,0
29061,0
29072,0
29073,0
29074,0
29075,0
29090,0
29091,0
29092,0
29093,0
29094,0
29095,0
29096,0
29097,0
29102,0
29103,0
29110,0
29111,0
29112,0
29113,0
29124,0
29125,0
29130,0
29131,0
29138,0
29139,0
29146,0
29147,0
29148,0
29149,0
29150,0
29151,0
29160,0
29161,0
29166,0
29167,0
29170,0
29171,0
29176,0
29177,0
29182,0
29183,0
29192,0
29193,0
29198,0
29199,0
29200,0
29201,0
29214,0
29215,0
29218,0
29219,0
29222,0
29223,0
29230,0
29231,0
29246,0
29247,0
29248,0
29249,0
29250,0
29251,0
29252,0
29253,0
29254,0
29255,0
29268,0
29269,0
29274,0
29275,0
29276,0
29277,0
29278,0
29279,0
29282,0
29283,0
29292,0
29293,0
29294,0
29295,0
29304,0
29305,0
29316,0
29317,0
29318,0
29319,0
29324,0
29325,0
29326,0
29327,0
29330,0
29331,0
29332,0
29333,0
29334,0
29335,0
29338,0
29339,0
29342,0
29343,0
29344,0
29345,0
29350,0
29351,0
29354,0
29355,0
29364,0
29365,0
29366,0
29367,0
29368,0
29369,0
29374,0
29375,0
29376,0
29377,0
29378,0
29379,0
29384,0
29385,0
29390,0
29391,0
29392,0
29393,0
29396,0
29397,0
29400,0
29401,0
29406,0
29407,0
29408,0
29409,0
29416,0
29417,0
29420,0
29421,0
29422,0
29423,0
29426,0
29427,0
29430,0
29431,0
29434,0
29435,0
29436,0
29437,0
29438,0
29439,0
29446,0
29447,0
29448,0
29449,0
29450,0
29451,0
29452,0
29453,0
29454,0
29455,0
29456,0
29457,0
29462,0
29463,0
29470,0
29471,0
29474,0
29475,0
29476,0
29477,0
29490,0
29491,0
29494,0
29495,0
29498,0
29499,0
29508,0
29509,0
29516,0
29517,0
29518,0
29519,0
29520,0
29521,0
29536,0
29537,0
29540,0
29541,0
29542,0
29543,0
29548,0
29549,0
29552,0
29553,0
29554,0
29555,0
29562,0
29563,0
29570,0
29571,0
29576,0
29577,0
29586,0
29587,0
29596,0
29597,0
29602,0
29603,0
29608,0
29609,0
29616,0
29617,0
29618,0
29619,0
29630,0
29631,0
29646,0
29647,0
29648,0
29649,0
29662,0
29663,0
29666,0
29667,0
29668,0
29669,0
29672,0
29673,0
29674,0
29675,0
29676,0
29677,0
29680,0
29681,0
29690,0
29691,0
29694,0
29695,0
29708,0
29709,0
29714,0
29715,0
29720,0
29721,0
29726,0
29727,0
29734,0
29735,0
29736,0
29737,0
29738,0
29739,0
29740,0
29741,0
29742,0
29743,0
29748,0
29749,0
29752,0
29753,0
29758,0
29759,0
29766,0
29767,0
29776,0
29777,0
29778,0
29779,0
29792,0
29793,0
29802,0
29803,0
29804,0
29805,0
29806,0
29807,0
29810,0
29811,0
29818,0
29819,0
29826,0
29827,0
29832,0
29833,0
29836,0
29837,0
29840,0
29841,0
29850,0
29851,0
29854,0
29855,0
29858,0
29859,0
29864,0
29865,0
29866,0
29867,0
29870,0
29871,0
29882,0
29883,0
29892,0
29893,0
29904,0
29905,0
29910,0
29911,0
29918,0
29919,0
29922,0
29923,0
29930,0
29931,0
29948,0
29949,0
29956,0
29957,0
29958,0
29959,0
29960,0
29961,0
29962,0
29963,0
29964,0
29965,0
29968,0
29969,0
29978,0
29979,0
29986,0
29987,0
29990,0
29991,0
29994,0
29995,0
29996,0
29997,0
29998,0
29999,0
30002,0
30003,0
30004,0
30005,0
30006,0
30007,0
30008,0
30009,0
30014,0
30015,0
30016,0
30017,0
30018,0
30019,0
30020,0
30021,0
30024,0
30025,0
30028,0
30029,0
30038,0
30039,0
30040,0
30041,0
30052,0
30053,0
30056,0
30057,0
30064,0
30065,0
30066,0
30067,0
30070,0
30071,0
30076,0
30077,0
30080,0
30081,0
30102,0
30103,0
30108,0
30109,0
30114,0
30115,0
30118,0
30119,0
30120,0
30121,0
30122,0
30123,0
30126,0
30127,0
30130,0
30131,0
30136,0
30137,0
30138,0
30139,0
30140,0
30141,0
30146,0
30147,0
30152,0
30153,0
30166,0
30167,0
30172,0
30173,0
30176,0
30177,0
30178,0
30179,0
30180,0
30181,0
30186,0
30187,0
30188,0
30189,0
30198,0
30199,0
30204,0
30205,0
30212,0
30213,0
30218,0
30219,0
30220,0
30221,0
30224,0
30225,0
30240,0
30241,0
30252,0
30253,0
30254,0
30255,0
30256,0
30257,0
30260,0
30261,0
30262,0
30263,0
30268,0
30269,0
30274,0
30275,0
30276,0
30277,0
30286,0
30287,0
30304,0
30305,0
30330,0
30331,0
30332,0
30333,0
30336,0
30337,0
30338,0
30339,0
30348,0
30349,0
30350,0
30351,0
30354,0
30355,0
30356,0
30357,0
30362,0
30363,0
30366,0
30367,0
30372,0
30373,0
30380,0
30381,0
30382,0
30383,0
30384,0
30385,0
30394,0
30395,0
30398,0
30399,0
30400,0
30401,0
30404,0
30405,0
30410,0
30411,0
30412,0
30413,0
30420,0
30421,0
30426,0
30427,0
30430,0
30431,0
30436,0
30437,0
30448,0
30449,0
30450,0
30451,0
30460,0
30461,0
30462,0
30463,0
30464,0
30465,0
30466,0
30467,0
30468,0
30469,0
30476,0
30477,0
30482,0
30483,0
30486,0
30487,0
30488,0
30489,0
30490,0
30491,0
30494,0
30495,0
30504,0
30505,0
30506,0
30507,0
30508,0
30509,0
30514,0
30515,0
30520,0
30521,0
30522,0
30523,0
30526,0
30527,0
30528,0
30529,0
30536,0
30537,0
30538,0
30539,0
30540,0
30541,0
30554,0
30555,0
30566,0
30567,0
30576,0
30577,0
30582,0
30583,0
30592,0
30593,0
30594,0
30595,0
30598,0
30599,0
30604,0
30605,0
30620,0
30621,0
30626,0
30627,0
30630,0
30631,0
30634,0
30635,0
30642,0
30643,0
30656,0
30657,0
30668,0
30669,0
30676,0
30677,0
30682,0
30683,0
30688,0
30689,0
30694,0
30695,0
30698,0
30699,0
30706,0
30707,0
30714,0
30715,0
30716,0
30717,0
30720,0
30721,0
30732,0
30733,0
30740,0
30741,0
30750,0
30751,0
30754,0
30755,0
30764,0
30765,0
30772,0
30773,0
30774,0
30775,0
30780,0
30781,0
30790,0
30791,0
30794,0
30795,0
30808,0
30809,0
30816,0
30817,0
30820,0
30821,0
30824,0
30825,0
30828,0
30829,0
30830,0
30831,0
30834,0
30835,0
30844,0
30845,0
30846,0
30847,0
30848,0
30849,0
30856,0
30857,0
30858,0
30859,0
30870,0
30871,0
30872,0
30873,0
30874,0
30875,0
30876,0
30877,0
30890,0
30891,0
30894,0
30895,0
30904,0
30905,0
30908,0
30909,0
30910,0
30911,0
30920,0
30921,0
30922,0
30923,0
30924,0
30925,0
30926,0
30927,0
30934,0
30935,0
30942,0
30943,0
30956,0
30957,0
30978,0
30979,0
30980,0
30981,0
30984,0
30985,0
30988,0
30989,0
30994,0
30995,0
31004,0
31005,0
31008,0
31009,0
31018,0
31019,0
31020,0
31021,0
31022,0
31023,0
31024,0
31025,0
31030,0
31031,0
31034,0
31035,0
31036,0
31037,0
31038,0
31039,0
31046,0
31047,0
31048,0
31049,0
31056,0
31057,0
31058,0
31059,0
31064,0
31065,0
31066,0
31067,0
31076,0
31077,0
31078,0
31079,0
31082,0
31083,0
31084,0
31085,0
31086,0
31087,0
31094,0
31095,0
31100,0
31101,0
31106,0
31107,0
31110,0
31111,0
31126,0
31127,0
31130,0
31131,0
31134,0
31135,0
31138,0
31139,0
31140,0
31141,0
31152,0
31153,0
31156,0
31157,0
31170,0
31171,0
31176,0
31177,0
31180,0
31181,0
31182,0
31183,0
31184,0
31185,0
31186,0
31187,0
31192,0
31193,0
31198,0
31199,0
31200,0
31201,0
31202,0
31203,0
31210,0
31211,0
31212,0
31213,0
31218,0
31219,0
31220,0
31221,0
31226,0
31227,0
31236,0
31237,0
31250,0
31251,0
31260,0
31261,0
31266,0
31267,0
31280,0
31281,0
31282,0
31283,0
31284,0
31285,0
31286,0
31287,0
31290,0
31291,0
31302,0
31303,0
31308,0
31309,0
31314,0
31315,0
31322,0
31323,0
31328,0
31329,0
31342,0
31343,0
31354,0
31355,0
31356,0
31357,0
31358,0
31359,0
31360,0
31361,0
31362,0
31363,0
31374,0
31375,0
31380,0
31381,0
31386,0
31387,0
31388,0
31389,0
31390,0
31391,0
31392,0
31393,0
31396,0
31397,0
31398,0
31399,0
31402,0
31403,0
31408,0
31409,0
31412,0
31413,0
31418,0
31419,0
31420,0
31421,0
31428,0
31429,0
31450,0
31451,0
31458,0
31459,0
31464,0
31465,0
31470,0
31471,0
31472,0
31473,0
31474,0
31475,0
31482,0
31483,0
31498,0
31499,0
31504,0
31505,0
31506,0
31507,0
31508,0
31509,0
31514,0
31515,0
31518,0
31519,0
31526,0
31527,0
31534,0
31535,0
31538,0
31539,0
31540,0
31541,0
31558,0
31559,0
31564,0
31565,0
31568,0
31569,0
31574,0
31575,0
31576,0
31577,0
31578,0
31579,0
31580,0
31581,0
31592,0
31593,0
31602,0
31603,0
31614,0
31615,0
31624,0
31625,0
31632,0
31633,0
31636,0
31637,0
31642,0
31643,0
31660,0
31661,0
31664,0
31665,0
31666,0
31667,0
31682,0
31683,0
31694,0
31695,0
31696,0
31697,0
31700,0
31701,0
31702,0
31703,0
31704,0
31705,0
31706,0
31707,0
31708,0
31709,0
31726,0
31727,0
31732,0
31733,0
31738,0
31739,0
31740,0
31741,0
31750,0
31751,0
31752,0
31753,0
31772,0
31773,0
31778,0
31779,0
31790,0
31791,0
31794,0
31795,0
31804,0
31805,0
31810,0
31811,0
31814,0
31815,0
31818,0
31819,0
31820,0
31821,0
31822,0
31823,0
31824,0
31825,0
31826,0
31827,0
31832,0
31833,0
31834,0
31835,0
31836,0
31837,0
31848,0
31849,0
31852,0
31853,0
31868,0
31869,0
31870,0
31871,0
31876,0
31877,0
31884,0
31885,0
31886,0
31887,0
31890,0
31891,0
31892,0
31893,0
31898,0
31899,0
31904,0
31905,0
31910,0
31911,0
31912,0
31913,0
31914,0
31915,0
31916,0
31917,0
31918,0
31919,0
31920,0
31921,0
31922,0
31923,0
31930,0
31931,0
31952,0
31953,0
31956,0
31957,0
31958,0
31959,0
31962,0
31963,0
31968,0
31969,0
31972,0
31973,0
31976,0
31977,0
31980,0
31981,0
31986,0
31987,0
31988,0
31989,0
31992,0
31993,0
31994,0
31995,0
31996,0
31997,0
31998,0
31999,0
32004,0
32005,0
32010,0
32011,0
32040,0
32041,0
32042,0
32043,0
32056,0
32057,0
32058,0
32059,0
32074,0
32075,0
32080,0
32081,0
32086,0
32087,0
32090,0
32091,0
32092,0
32093,0
32098,0
32099,0
32126,0
32127,0
32128,0
32129,0
32142,0
32143,0
32144,0
32145,0
32148,0
32149,0
32158,0
32159,0
32160,0
32161,0
32166,0
32167,0
32168,0
32169,0
32172,0
32173,0
32182,0
32183,0
32184,0
32185,0
32190,0
32191,0
32194,0
32195,0
32198,0
32199,0
32202,0
32203,0
32214,0
32215,0
32220,0
32221,0
32224,0
32225,0
32234,0
32235,0
32240,0
32241,0
32246,0
32247,0
32248,0
32249,0
32254,0
32255,0
32262,0
32263,0
32268,0
32269,0
32270,0
32271,0
32272,0
32273,0
32280,0
32281,0
32286,0
32287,0
32288,0
32289,0
32296,0
32297,0
32306,0
32307,0
32310,0
32311,0
32312,0
32313,0
32320,0
32321,0
32326,0
32327,0
32328,0
32329,0
32338,0
32339,0
32346,0
32347,0
32348,0
32349,0
32350,0
32351,0
32354,0
32355,0
32356,0
32357,0
32370,0
32371,0
32384,0
32385,0
32386,0
32387,0
32390,0
32391,0
32392,0
32393,0
32394,0
32395,0
32402,0
32403,0
32422,0
32423,0
32426,0
32427,0
32432,0
32433,0
32436,0
32437,0
32448,0
32449,0
32452,0
32453,0
32464,0
32465,0
32468,0
32469,0
32480,0
32481,0
32488,0
32489,0
32490,0
32491,0
32504,0
32505,0
32508,0
32509,0
32514,0
32515,0
32522,0
32523,0
32528,0
32529,0
32532,0
32533,0
32536,0
32537,0
32544,0
32545,0
32558,0
32559,0
32560,0
32561,0
32570,0
32571,0
32580,0
32581,0
32602,0
32603,0
32608,0
32609,0
32614,0
32615,0
32624,0
32625,0
32626,0
32627,0
32630,0
32631,0
32638,0
32639,0
32640,0
32641,0
32642,0
32643,0
32652,0
32653,0
32654,0
32655,0
32658,0
32659,0
32664,0
32665,0
32666,0
32667,0
32668,0
32669,0
32670,0
32671,0
