1,1,"B078KPVC6M"
1,1,"B07916YF98"
1,1,"B079CG9LC9"
1,1,"B072P6Q48P"
1,1,"B071KGL32T"
1,1,"B077YXKKHP"
1,1,"B0719K1SXJ"
1,1,"B0785N6VY4"
1,1,"B078XBBVKY"
1,1,"B07837SS3B"
1,1,"B078SLHYH6"
1,1,"B078LBWRRX"
1,1,"B0791BXZ9H"
1,1,"B0799G4KH4"
1,1,"B0791CMLJT"
1,1,"B0791CT8FH"
1,1,"B078RF561B"
1,1,"B078ZT7LB9"
1,1,"B078YKMB2V"
1,1,"B0793P9ZGQ"
1,1,"B079171NXN"
1,1,"B078SKD1G1"
1,1,"B078V4H4NV"
1,1,"B078ZW36JF"
1,1,"B07921TRVY"
1,1,"B078SKSY12"
1,1,"B06XQPB82S"
1,1,"B0797PW6XW"
1,1,"B0797GY4TY"
1,1,"B078LC133H"
1,1,"B078WLFLJH"
1,1,"B078XBX64K"
1,1,"B07867L5M4"
1,1,"B078LBYJJH"
1,1,"B078YLQ9FJ"
1,1,"B079CHN4LW"
1,1,"B078SN2QYW"
1,1,"B076Z7XGMF"
1,1,"B0791FNDBZ"
1,1,"B078YLZN58"
1,1,"B0798QTX8P"
1,1,"B078S39WYF"
1,1,"B0798M61R2"
1,1,"B0795G3NWC"
1,1,"B06XPCWLYQ"
1,1,"B0791C233G"
1,1,"B078XBKR75"
1,1,"B078X933KK"
1,1,"B0797T3TRS"
1,1,"B078SMQ8FF"
1,1,"B078GD9R5Y"
1,1,"B07236C1RF"
1,1,"B078SKZC7J"
1,1,"B078YLL8KB"
1,1,"B0735CJ3JP"
1,1,"B071LGMCVR"
1,1,"B072YM1QWZ"
1,1,"B078SP3D7J"
1,1,"B077Z44BPY"
1,1,"B0791CM2J8"
1,1,"B0794XCQLF"
1,1,"B078Z9FLLX"
1,1,"B077Z2D6H9"
1,1,"B078395123"
1,1,"B078TCYFCC"
1,1,"B078SK73ZF"
1,1,"B077Z2HF9C"
1,1,"B071Z7YRQ5"
1,1,"B078MSJ566"
1,1,"B072K2BTLW"
1,1,"B072J6W8TS"
1,1,"B0796H2HKN"
1,1,"B078SKMX1T"
1,1,"B078L7B234"
1,1,"B077VMFY9D"
1,1,"B074QLWXK1"
1,1,"B0797JNDD5"
1,1,"B078SK98VY"
1,1,"B078MH49BF"
1,1,"B078YKWGJV"
1,1,"B0797HS3BB"
1,1,"B0791CG5LJ"
1,1,"B078Z9HX1Z"
1,1,"B077Z15QQ2"
1,1,"B0791FD9C9"
1,1,"B078XBCMQ8"
1,1,"B071W27GB2"
1,1,"B077YTLF16"
1,1,"B078Z7241S"
1,1,"B0791CCHLP"
1,1,"B078ZVXDZY"
1,1,"B079FMFSXF"
1,1,"B0743LKCCM"
1,1,"B06XSJHCH9"
1,1,"B078G6V2P6"
1,1,"B079242968"
1,1,"B0798JWXXF"
1,1,"B078XC1H5L"
1,1,"B079CK62HY"
1,1,"B0791C8ZJ6"
2,1,"B079SWQ4GJ"
2,1,"B079CGJG7Q"
2,1,"B071NWK782"
2,1,"B079SK1XKD"
2,1,"B079HV8LT4"
2,1,"B079NTV9XC"
2,1,"B0798NVV36"
2,1,"B079NTSTBS"
2,1,"B079QJGF62"
2,1,"B079NW4Z5T"
2,1,"B077Z3X4QC"
2,1,"B079S4MBL7"
2,1,"B0797PS1DR"
2,1,"B079QB8RFG"
2,1,"B079LGZFTD"
2,1,"B079FJ4DKZ"
2,1,"B079KQV7CF"
2,1,"B079KR9PKM"
2,1,"B079NT8BBN"
2,1,"B079KDCWVJ"
2,1,"B0797QPGXV"
2,1,"B079KRN8V3"
2,1,"B079KDQ9BQ"
2,1,"B074MDQWM2"
2,1,"B072J3RXWM"
2,1,"B079HSF6S8"
2,1,"B079KP9WCR"
2,1,"B079LP1HKY"
2,1,"B0796S13JZ"
2,1,"B079HT51FX"
2,1,"B07B1QHSBQ"
2,1,"B079KQS44L"
2,1,"B079KPHBFC"
2,1,"B06Y2XDBZJ"
2,1,"B079NYBY3C"
2,1,"B079HV297T"
2,1,"B07B1S3QQN"
2,1,"B0732PX746"
2,1,"B079NWXN9W"
2,1,"B079KPLSPV"
2,1,"B079KQ4CYV"
2,1,"B0793PZ8RG"
2,1,"B0797JHMPV"
2,1,"B079NV98GW"
2,1,"B079ZS76PC"
2,1,"B079HT2P8X"
2,1,"B079R7TPDW"
2,1,"B0797M9SH5"
2,1,"B079KQB112"
2,1,"B079L37PB3"
2,1,"B079S6TQV6"
2,1,"B079LDTBKJ"
2,1,"B079KQGTWT"
2,1,"B079HRSCMY"
2,1,"B06ZZD74KC"
2,1,"B079KQ1DX9"
2,1,"B0798J4DDZ"
2,1,"B079NXYSH5"
2,1,"B079PKV6J5"
2,1,"B06XCKFCNP"
2,1,"B0796LJJSN"
2,1,"B079NV63SF"
2,1,"B07B1RVJXV"
2,1,"B06XRDCMTZ"
2,1,"B07B3STTBX"
2,1,"B079DQ1PFW"
2,1,"B079HSSNXQ"
2,1,"B06Y3MHFCM"
2,1,"B01CC3E6WA"
2,1,"B071961HGV"
2,1,"B079K9X2HG"
2,1,"B071HJVV1K"
2,1,"B079NSNLVT"
2,1,"B072BZK797"
2,1,"B079HSFKGM"
2,1,"B07B2TX2MN"
2,1,"B079GWWHZ6"
2,1,"B079SXXDHQ"
2,1,"B075K1BSVX"
2,1,"B0795MCQT2"
2,1,"B0795NT7WX"
2,1,"B0799K4H2P"
2,1,"B0799HJWNH"
2,1,"B079STNJ7M"
2,1,"B079NY1XBK"
2,1,"B079NTT3T6"
2,1,"B0799LDF8Y"
2,1,"B079NSNXS5"
2,1,"B079PKTX2W"
2,1,"B079NWX5ZS"
2,1,"B079FBS21C"
2,1,"B079HV39JM"
2,1,"B079QKDR7S"
2,1,"B079FCR7TR"
2,1,"B079MDX1MD"
2,1,"B079FLVRJP"
2,1,"B079HVBKSL"
2,1,"B079KPZPNC"
2,1,"B079KRDGCZ"
2,1,"B079LCZK3F"
3,1,"B07BQLLK42"
3,1,"B0728BVT3W"
3,1,"B07BB7VMSC"
3,1,"B07BTV2V3Q"
3,1,"B07B9VXXWN"
3,1,"B07B1TKRLK"
3,1,"B07BHKMTN9"
3,1,"B07BFN9FTF"
3,1,"B07BHKG7LS"
3,1,"B07BHKS5GF"
3,1,"B07BB75SLX"
3,1,"B07BFNDS2H"
3,1,"B07BQVBGSH"
3,1,"B07BRKYBRQ"
3,1,"B07B9T5FXH"
3,1,"B079R71MWJ"
3,1,"B079M2VZLF"
3,1,"B07BQQCLK1"
3,1,"B07BNLJLZQ"
3,1,"B07B7DW54Q"
3,1,"B07BF9986P"
3,1,"B07BFN55K9"
3,1,"B07BF8WFTY"
3,1,"B07B7JJCN3"
3,1,"B07B6N6GJS"
3,1,"B07BQS1NX1"
3,1,"B07BDGX3QY"
3,1,"B079P1QYQS"
3,1,"B06ZY5J4W3"
3,1,"B07B92R844"
3,1,"B07BF387TY"
3,1,"B07B8C6SKC"
3,1,"B079PSNXHF"
3,1,"B079NV7S3T"
3,1,"B07BB8MQJV"
3,1,"B079PTGW84"
3,1,"B073QXLFQK"
3,1,"B06XZ7PFY2"
3,1,"B072KQ1CZC"
3,1,"B079NY879Y"
3,1,"B07B9TLFJL"
3,1,"B079NX3PNX"
3,1,"B07BSDFH3F"
3,1,"B079NTGDDC"
3,1,"B079PQ3SMM"
3,1,"B073V7YMTN"
3,1,"B07B4VCJLJ"
3,1,"B07BRK82F8"
3,1,"B079NVXQFB"
3,1,"B079FFN28G"
3,1,"B07BRKFG6Y"
3,1,"B07BKT76B7"
3,1,"B07BFMFMKW"
3,1,"B07B73MXGT"
3,1,"B079T13TD2"
3,1,"B079SYS7DM"
3,1,"B07B4W5CZM"
3,1,"B07BS8YSVF"
3,1,"B079NW3B7V"
3,1,"B07B85ZKHD"
3,1,"B07BRJC3BP"
3,1,"B07BHJS7T9"
3,1,"B079PJ8JCX"
3,1,"B072DX8C3M"
3,1,"B079R6S96L"
3,1,"B07BC87RPZ"
3,1,"B07B9YGHLD"
3,1,"B07B4WBLF8"
3,1,"B072BB4C88"
3,1,"B07BR72HJM"
3,1,"B079Q9F6WY"
3,1,"B07BLM5271"
3,1,"B07BHHCGFM"
3,1,"B07BQJJZ5B"
3,1,"B07BS9Q9CQ"
3,1,"B07BTRTNYG"
3,1,"B07BJ6Y1PQ"
3,1,"B07B8LSD5L"
3,1,"B07BRFK7JJ"
3,1,"B079SXSQWT"
3,1,"B07B3X7WQ7"
3,1,"B07BB78QC1"
3,1,"B07B9XKFMS"
3,1,"B079R8SQKM"
3,1,"B07B9VBMGL"
3,1,"B07BDCXRXP"
3,1,"B07BPK3LYL"
3,1,"B07BB7XHSH"
3,1,"B06XHLSMWH"
3,1,"B079PMKZWN"
3,1,"B07BB7PFZF"
3,1,"B07B77HSX9"
3,1,"B079RYY6XF"
3,1,"B079T3KYHT"
3,1,"B07B3ZY3HV"
3,1,"B079S1FW9Q"
3,1,"B07B9XKV28"
3,1,"B0799L7D1P"
3,1,"B079NYV6GK"
3,1,"B079NX8DHT"
